admin_dong_code,sigungu_name,admin_dong_name,b_imd_score_0_100,b_imd_rank,b_imd_decile,education_score_0_100,employment_score_0_100,health_score_0_100,housing_access_score_0_100,income_score_0_100,living_environment_score_0_100,primary_vulnerability_domain,primary_vulnerability_ko,secondary_vulnerability_domain,secondary_vulnerability_ko,improvement_direction,relative_low_deprivation_domain,relative_low_deprivation_ko,preservation_direction,review_level,specialization_evidence_status
21150540,사상구,모라3동,82.821838,1,1,68.292683,96.585366,62.439024,80.731707,100.0,60.731707,income,소득,employment,고용,복지급여 누락 점검·통합사례관리,living_environment,생활환경,생활환경 기반 보전 검토,현장검증 우선,특화 확정 불가: 산업·상권·관광·생활SOC 자산 데이터 결합 필요
21030550,동구,초량6동,80.255209,2,1,73.170732,94.146341,88.04878099999999,58.292683,90.243902,43.414634,employment,고용,income,소득,주민 고용자료 검증 후 일자리·훈련 연계,living_environment,생활환경,생활환경 기반 보전 검토,현장검증 우선,특화 확정 불가: 산업·상권·관광·생활SOC 자산 데이터 결합 필요
21090590,해운대구,반여3동,79.701987,3,1,62.439024,96.097561,73.658537,86.585366,96.097561,27.317073,employment,고용,income,소득,주민 고용자료 검증 후 일자리·훈련 연계,living_environment,생활환경,생활환경 기반 보전 검토,현장검증 우선,특화 확정 불가: 산업·상권·관광·생활SOC 자산 데이터 결합 필요
21030590,동구,수정4동,77.215312,4,1,80.487805,99.02439,48.048781000000005,53.902439,94.146341,44.390244,employment,고용,income,소득,주민 고용자료 검증 후 일자리·훈련 연계,living_environment,생활환경,생활환경 기반 보전 검토,현장검증 우선,특화 확정 불가: 산업·상권·관광·생활SOC 자산 데이터 결합 필요
21080580,북구,덕천3동,76.358423,5,1,35.121951,95.609756,90.243903,73.414634,95.609756,25.853658,employment,고용,income,소득,주민 고용자료 검증 후 일자리·훈련 연계,living_environment,생활환경,생활환경 기반 보전 검토,현장검증 우선,특화 확정 불가: 산업·상권·관광·생활SOC 자산 데이터 결합 필요
21100660,사하구,감천2동,76.321272,6,1,82.926829,98.536585,48.536585,67.560975,98.04878,9.512195,employment,고용,income,소득,주민 고용자료 검증 후 일자리·훈련 연계,living_environment,생활환경,생활환경 기반 보전 검토,현장검증 우선,특화 확정 불가: 산업·상권·관광·생활SOC 자산 데이터 결합 필요
21030600,동구,수정5동,74.582458,7,1,34.634146,97.560976,87.804878,51.219512,92.195122,38.536585,employment,고용,income,소득,주민 고용자료 검증 후 일자리·훈련 연계,education,교육,교육 기반 보전·연계 검토,현장검증 우선,특화 확정 불가: 산업·상권·관광·생활SOC 자산 데이터 결합 필요
21030560,동구,수정1동,73.724762,8,1,30.731707,92.195122,91.95122,74.878049,78.536585,52.195122,employment,고용,health,건강,주민 고용자료 검증 후 일자리·훈련 연계,education,교육,교육 기반 보전·연계 검토,현장검증 우선,특화 확정 불가: 산업·상권·관광·생활SOC 자산 데이터 결합 필요
21020630,서구,초장동,73.655306,9,1,3.414634,100.0,91.95122,71.21951200000001,98.536585,27.560976,employment,고용,income,소득,주민 고용자료 검증 후 일자리·훈련 연계,education,교육,교육 기반 보전·연계 검토,현장검증 우선,특화 확정 불가: 산업·상권·관광·생활SOC 자산 데이터 결합 필요
21090580,해운대구,반여2동,73.438863,10,1,67.317073,90.243902,52.195122,63.658536,91.219512,39.268293,income,소득,employment,고용,복지급여 누락 점검·통합사례관리,living_environment,생활환경,생활환경 기반 보전 검토,현장검증 우선,특화 확정 불가: 산업·상권·관광·생활SOC 자산 데이터 결합 필요
21120550,강서구,가락동,73.219997,11,1,90.243902,69.268293,82.682927,43.414634,83.902439,48.292683,education,교육,income,소득,학습지원·학교 접근성 점검,housing_access,주거·접근성,주거·교통 접근 기반 보전 검토,현장검증 우선,특화 확정 불가: 산업·상권·관광·생활SOC 자산 데이터 결합 필요
21010600,중구,영주2동,71.98514,12,1,73.658537,89.756098,89.268293,51.463414,65.853659,36.829268000000006,employment,고용,health,건강,주민 고용자료 검증 후 일자리·훈련 연계,living_environment,생활환경,생활환경 기반 보전 검토,현장검증 우선,특화 확정 불가: 산업·상권·관광·생활SOC 자산 데이터 결합 필요
21040680,영도구,신선동,70.181715,13,1,18.04878,95.121951,86.585366,52.195122,97.073171,14.634147,income,소득,employment,고용,복지급여 누락 점검·통합사례관리,living_environment,생활환경,생활환경 기반 보전 검토,현장검증 우선,특화 확정 불가: 산업·상권·관광·생활SOC 자산 데이터 결합 필요
21090560,해운대구,송정동,69.842513,14,1,91.219512,58.04878,80.0,19.756097,88.292683,58.048781,education,교육,income,소득,학습지원·학교 접근성 점검,housing_access,주거·접근성,주거·교통 접근 기반 보전 검토,현장검증 우선,특화 확정 불가: 산업·상권·관광·생활SOC 자산 데이터 결합 필요
21020690,서구,남부민2동,69.731869,15,1,37.560976,88.780488,70.243903,61.95122,87.804878,33.658537,employment,고용,income,소득,주민 고용자료 검증 후 일자리·훈련 연계,living_environment,생활환경,생활환경 기반 보전 검토,현장검증 우선,특화 확정 불가: 산업·상권·관광·생활SOC 자산 데이터 결합 필요
21040670,영도구,동삼3동,69.199645,16,1,15.121951,84.390244,85.121951,57.317073,99.02439,27.560976,income,소득,health,건강,복지급여 누락 점검·통합사례관리,education,교육,교육 기반 보전·연계 검토,현장검증 우선,특화 확정 불가: 산업·상권·관광·생활SOC 자산 데이터 결합 필요
21100520,사하구,괴정2동,68.472783,17,1,74.634146,83.902439,65.365854,68.04878,56.097561,57.073171,employment,고용,education,교육,주민 고용자료 검증 후 일자리·훈련 연계,income,소득,경제 안정 기반 보전 검토,현장검증 우선,특화 확정 불가: 산업·상권·관광·생활SOC 자산 데이터 결합 필요
21110510,금정구,서1동,67.286383,18,1,14.146341,98.04878,53.170732,75.121951,89.756098,28.292682,employment,고용,income,소득,주민 고용자료 검증 후 일자리·훈련 연계,education,교육,교육 기반 보전·연계 검토,현장검증 우선,특화 확정 불가: 산업·상권·관광·생활SOC 자산 데이터 결합 필요
21080530,북구,구포3동,67.273462,19,1,53.658537,64.390244,78.78048799999999,62.682927,84.390244,40.487805,income,소득,health,건강,복지급여 누락 점검·통합사례관리,living_environment,생활환경,생활환경 기반 보전 검토,현장검증 우선,특화 확정 불가: 산업·상권·관광·생활SOC 자산 데이터 결합 필요
21100530,사하구,괴정3동,65.628331,20,1,74.146341,71.219512,29.512195,80.487805,84.878049,30.731707,income,소득,housing_access,주거·접근성,복지급여 누락 점검·통합사례관리,health,건강,건강·의료 접근 기반 보전 검토,현장검증 우선,특화 확정 불가: 산업·상권·관광·생활SOC 자산 데이터 결합 필요
21020650,서구,남부민1동,65.214828,21,1,12.195122,85.365854,78.292683,55.365853,89.268293,26.097561,income,소득,employment,고용,복지급여 누락 점검·통합사례관리,education,교육,교육 기반 보전·연계 검토,현장검증 우선,특화 확정 불가: 산업·상권·관광·생활SOC 자산 데이터 결합 필요
21110570,금정구,부곡1동,65.120336,22,2,11.219512,87.317073,38.04878,76.82926900000001,91.707317,52.926829,income,소득,employment,고용,복지급여 누락 점검·통합사례관리,education,교육,교육 기반 보전·연계 검토,집중 모니터링,특화 확정 불가: 산업·상권·관광·생활SOC 자산 데이터 결합 필요
21020510,서구,동대신1동,64.853012,23,2,21.95122,97.073171,75.609756,60.243903,58.04878,54.634146,employment,고용,health,건강,주민 고용자료 검증 후 일자리·훈련 연계,education,교육,교육 기반 보전·연계 검토,집중 모니터링,특화 확정 불가: 산업·상권·관광·생활SOC 자산 데이터 결합 필요
21040630,영도구,청학1동,64.329672,24,2,34.146341,87.804878,81.95122,41.463415,77.073171,17.804878000000002,employment,고용,health,건강,주민 고용자료 검증 후 일자리·훈련 연계,living_environment,생활환경,생활환경 기반 보전 검토,집중 모니터링,특화 확정 불가: 산업·상권·관광·생활SOC 자산 데이터 결합 필요
21110520,금정구,서2동,64.010661,25,2,57.073171,81.95122,11.707317,64.634147,86.341463,51.951219,income,소득,employment,고용,복지급여 누락 점검·통합사례관리,health,건강,건강·의료 접근 기반 보전 검토,집중 모니터링,특화 확정 불가: 산업·상권·관광·생활SOC 자산 데이터 결합 필요
21010560,중구,부평동,63.585851,26,2,68.780488,55.121951,45.365854,72.43902499999999,85.853659,40.243902000000006,income,소득,housing_access,주거·접근성,복지급여 누락 점검·통합사례관리,living_environment,생활환경,생활환경 기반 보전 검토,집중 모니터링,특화 확정 불가: 산업·상권·관광·생활SOC 자산 데이터 결합 필요
21070600,남구,용호4동,63.581813,27,2,88.292683,80.487805,35.121952,71.21951200000001,61.463415,25.609756,education,교육,employment,고용,학습지원·학교 접근성 점검,living_environment,생활환경,생활환경 기반 보전 검토,집중 모니터링,특화 확정 불가: 산업·상권·관광·생활SOC 자산 데이터 결합 필요
21510330,기장군,철마면,62.970441,28,2,88.780488,69.756098,79.75609800000001,13.170732,75.121951,5.121951,education,교육,health,건강,학습지원·학교 접근성 점검,living_environment,생활환경,생활환경 기반 보전 검토,집중 모니터링,특화 확정 불가: 산업·상권·관광·생활SOC 자산 데이터 결합 필요
21070660,남구,문현1동,61.742045,29,2,46.341463,85.853659,76.585366,58.292682,48.780488,39.024391,employment,고용,health,건강,주민 고용자료 검증 후 일자리·훈련 연계,living_environment,생활환경,생활환경 기반 보전 검토,집중 모니터링,특화 확정 불가: 산업·상권·관광·생활SOC 자산 데이터 결합 필요
21040550,영도구,영선2동,61.740833,30,2,2.926829,91.219512,79.02439,53.902439,72.682927,32.07317,employment,고용,health,건강,주민 고용자료 검증 후 일자리·훈련 연계,education,교육,교육 기반 보전·연계 검토,집중 모니터링,특화 확정 불가: 산업·상권·관광·생활SOC 자산 데이터 결합 필요
21070590,남구,용호3동,61.595057,31,2,51.707317,73.170732,31.463414,86.585366,68.292683,50.487805,housing_access,주거·접근성,employment,고용,주거·교통·생활시설 접근 개선,health,건강,건강·의료 접근 기반 보전 검토,집중 모니터링,특화 확정 불가: 산업·상권·관광·생활SOC 자산 데이터 결합 필요
21120580,강서구,가덕도동,61.438378,32,2,93.170732,54.634146,69.756098,20.975610000000003,62.439024,57.804878,education,교육,health,건강,학습지원·학교 접근성 점검,housing_access,주거·접근성,주거·교통 접근 기반 보전 검토,집중 모니터링,특화 확정 불가: 산업·상권·관광·생활SOC 자산 데이터 결합 필요
21050720,부산진구,가야2동,60.843159,33,2,46.829268,64.878049,85.609756,83.902439,38.04878,67.560976,health,건강,housing_access,주거·접근성,의료·건강관리 접근성 점검,income,소득,경제 안정 기반 보전 검토,집중 모니터링,특화 확정 불가: 산업·상권·관광·생활SOC 자산 데이터 결합 필요
21020570,서구,서대신4동,60.736553,34,2,89.756098,91.707317,64.878049,23.414634,24.390244,62.92683,employment,고용,education,교육,주민 고용자료 검증 후 일자리·훈련 연계,housing_access,주거·접근성,주거·교통 접근 기반 보전 검토,집중 모니터링,특화 확정 불가: 산업·상권·관광·생활SOC 자산 데이터 결합 필요
21110720,금정구,서3동,60.50315,35,2,16.097561,71.707317,44.878049,81.463414,83.414634,44.146341,income,소득,housing_access,주거·접근성,복지급여 누락 점검·통합사례관리,education,교육,교육 기반 보전·연계 검토,집중 모니터링,특화 확정 불가: 산업·상권·관광·생활SOC 자산 데이터 결합 필요
21100630,사하구,다대2동,60.342433,36,2,54.146341,61.95122,60.243902,67.317073,63.902439,50.0,housing_access,주거·접근성,income,소득,주거·교통·생활시설 접근 개선,living_environment,생활환경,생활환경 기반 보전 검토,집중 모니터링,특화 확정 불가: 산업·상권·관광·생활SOC 자산 데이터 결합 필요
21080610,북구,만덕3동,60.273784,37,2,63.414634,84.878049,70.731707,82.926829,26.829268,39.268293,employment,고용,housing_access,주거·접근성,주민 고용자료 검증 후 일자리·훈련 연계,income,소득,경제 안정 기반 보전 검토,집중 모니터링,특화 확정 불가: 산업·상권·관광·생활SOC 자산 데이터 결합 필요
21130570,연제구,연산3동,60.159102,38,2,33.170732,93.170732,68.536586,40.97561,47.317073,57.560975,employment,고용,health,건강,주민 고용자료 검증 후 일자리·훈련 연계,education,교육,교육 기반 보전·연계 검토,집중 모니터링,특화 확정 불가: 산업·상권·관광·생활SOC 자산 데이터 결합 필요
21090620,해운대구,반송2동,60.038766,39,2,1.95122,62.439024,61.219512,73.170732,97.560976,32.92683,income,소득,housing_access,주거·접근성,복지급여 누락 점검·통합사례관리,education,교육,교육 기반 보전·연계 검토,집중 모니터링,특화 확정 불가: 산업·상권·관광·생활SOC 자산 데이터 결합 필요
21040690,영도구,봉래2동,60.034728,40,2,66.829268,53.170732,87.073171,40.97561,61.95122,41.95122,health,건강,education,교육,의료·건강관리 접근성 점검,housing_access,주거·접근성,주거·교통 접근 기반 보전 검토,집중 모니터링,특화 확정 불가: 산업·상권·관광·생활SOC 자산 데이터 결합 필요
21110710,금정구,금성동,59.997577,41,2,78.04878,99.512195,91.95122,32.195122,19.512195,17.560976,employment,고용,health,건강,주민 고용자료 검증 후 일자리·훈련 연계,living_environment,생활환경,생활환경 기반 보전 검토,집중 모니터링,특화 확정 불가: 산업·상권·관광·생활SOC 자산 데이터 결합 필요
21110640,금정구,선두구동,59.713294,42,2,97.560976,77.560976,50.731708,35.365854000000006,57.073171,5.365854,education,교육,employment,고용,학습지원·학교 접근성 점검,living_environment,생활환경,생활환경 기반 보전 검토,집중 모니터링,특화 확정 불가: 산업·상권·관광·생활SOC 자산 데이터 결합 필요
21020520,서구,동대신2동,59.521079,43,3,7.317073,92.682927,26.341463,60.731707,79.512195,53.658536,employment,고용,income,소득,주민 고용자료 검증 후 일자리·훈련 연계,education,교육,교육 기반 보전·연계 검토,집중 모니터링,특화 확정 불가: 산업·상권·관광·생활SOC 자산 데이터 결합 필요
21010580,중구,남포동,59.482313,44,3,64.390244,43.902439,42.682927,51.219512,99.512195,25.853659,income,소득,education,교육,복지급여 누락 점검·통합사례관리,living_environment,생활환경,생활환경 기반 보전 검토,집중 모니터링,특화 확정 불가: 산업·상권·관광·생활SOC 자산 데이터 결합 필요
21080540,북구,금곡동,59.443547,45,3,75.121951,37.560976,69.268293,33.170732,92.682927,21.219512,income,소득,education,교육,복지급여 누락 점검·통합사례관리,living_environment,생활환경,생활환경 기반 보전 검토,집중 모니터링,특화 확정 불가: 산업·상권·관광·생활SOC 자산 데이터 결합 필요
21030680,동구,범일5동,59.359554,46,3,92.195122,80.97561,90.0,30.0,17.073171,46.585365,education,교육,health,건강,학습지원·학교 접근성 점검,income,소득,경제 안정 기반 보전 검토,집중 모니터링,특화 확정 불가: 산업·상권·관광·생활SOC 자산 데이터 결합 필요
21030520,동구,초량2동,58.799063,47,3,23.902439,77.073171,13.902439,62.439025,93.658537,42.439025,income,소득,employment,고용,복지급여 누락 점검·통합사례관리,health,건강,건강·의료 접근 기반 보전 검토,집중 모니터링,특화 확정 불가: 산업·상권·관광·생활SOC 자산 데이터 결합 필요
21150620,사상구,주례3동,58.614925,48,3,32.682927,66.341463,32.682927,64.878049,69.268293,83.170731,living_environment,생활환경,income,소득,생활환경·안전·대기질 현장점검,health,건강,건강·의료 접근 기반 보전 검토,집중 모니터링,특화 확정 불가: 산업·상권·관광·생활SOC 자산 데이터 결합 필요
21140540,수영구,망미1동,58.235342,49,3,63.902439,46.341463,73.170732,67.073171,49.756098,68.780488,health,건강,living_environment,생활환경,의료·건강관리 접근성 점검,employment,고용,지역 일자리 기반 보전 검토,집중 모니터링,특화 확정 불가: 산업·상권·관광·생활SOC 자산 데이터 결합 필요
21060520,동래구,복산동,58.051203,50,3,8.780488,79.512195,61.707317,51.707317,71.219512,46.829268,employment,고용,income,소득,주민 고용자료 검증 후 일자리·훈련 연계,education,교육,교육 기반 보전·연계 검토,집중 모니터링,특화 확정 불가: 산업·상권·관광·생활SOC 자산 데이터 결합 필요
21130530,연제구,거제3동,57.961557,51,3,56.097561,42.926829,55.853659,77.560976,60.487805,74.390244,housing_access,주거·접근성,living_environment,생활환경,주거·교통·생활시설 접근 개선,employment,고용,지역 일자리 기반 보전 검토,집중 모니터링,특화 확정 불가: 산업·상권·관광·생활SOC 자산 데이터 결합 필요
21100560,사하구,하단1동,57.747537,52,3,97.073171,37.073171,12.195122,86.097561,74.146341,48.780488000000005,education,교육,housing_access,주거·접근성,학습지원·학교 접근성 점검,health,건강,건강·의료 접근 기반 보전 검토,집중 모니터링,특화 확정 불가: 산업·상권·관광·생활SOC 자산 데이터 결합 필요
21070630,남구,감만2동,57.470522,53,3,20.0,94.634146,40.0,43.902439,76.585366,14.634146,employment,고용,income,소득,주민 고용자료 검증 후 일자리·훈련 연계,living_environment,생활환경,생활환경 기반 보전 검토,집중 모니터링,특화 확정 불가: 산업·상권·관광·생활SOC 자산 데이터 결합 필요
21060640,동래구,명장2동,57.408334,54,3,30.243902,74.634146,66.829268,56.585366,54.634146,49.02439,employment,고용,health,건강,주민 고용자료 검증 후 일자리·훈련 연계,education,교육,교육 기반 보전·연계 검토,집중 모니터링,특화 확정 불가: 산업·상권·관광·생활SOC 자산 데이터 결합 필요
21050750,부산진구,개금2동,57.027136,55,3,60.97561,63.902439,48.292683,63.41463400000001,52.682927,51.463414,employment,고용,housing_access,주거·접근성,주민 고용자료 검증 후 일자리·훈련 연계,health,건강,건강·의료 접근 기반 보전 검토,집중 모니터링,특화 확정 불가: 산업·상권·관광·생활SOC 자산 데이터 결합 필요
21010590,중구,영주1동,56.973025,56,3,6.341463,79.02439,44.634147,61.951220000000006,77.560976,40.243902,employment,고용,income,소득,주민 고용자료 검증 후 일자리·훈련 연계,education,교육,교육 기반 보전·연계 검토,집중 모니터링,특화 확정 불가: 산업·상권·관광·생활SOC 자산 데이터 결합 필요
21030710,동구,범일1동,56.930221,57,3,48.292683,75.121951,26.829268,44.634146,88.780488,4.390244,income,소득,employment,고용,복지급여 누락 점검·통합사례관리,living_environment,생활환경,생활환경 기반 보전 검토,집중 모니터링,특화 확정 불가: 산업·상권·관광·생활SOC 자산 데이터 결합 필요
21010570,중구,광복동,56.92901,58,3,3.902439,58.536585,42.926829,99.634147,90.731707,25.853659,housing_access,주거·접근성,income,소득,주거·교통·생활시설 접근 개선,education,교육,교육 기반 보전·연계 검토,집중 모니터링,특화 확정 불가: 산업·상권·관광·생활SOC 자산 데이터 결합 필요
21100540,사하구,괴정4동,56.893878,59,3,19.512195,80.0,69.02439,74.390244,42.439024,55.121951,employment,고용,housing_access,주거·접근성,주민 고용자료 검증 후 일자리·훈련 연계,education,교육,교육 기반 보전·연계 검토,집중 모니터링,특화 확정 불가: 산업·상권·관광·생활SOC 자산 데이터 결합 필요
21020540,서구,서대신1동,56.652399,60,3,83.414634,72.682927,40.97561,42.195122,31.707317,76.585366,education,교육,living_environment,생활환경,학습지원·학교 접근성 점검,income,소득,경제 안정 기반 보전 검토,집중 모니터링,특화 확정 불가: 산업·상권·관광·생활SOC 자산 데이터 결합 필요
21020530,서구,동대신3동,56.56356,61,3,61.463415,54.146341,40.487805,35.121951,65.365854,78.780487,living_environment,생활환경,income,소득,생활환경·안전·대기질 현장점검,housing_access,주거·접근성,주거·교통 접근 기반 보전 검토,집중 모니터링,특화 확정 불가: 산업·상권·관광·생활SOC 자산 데이터 결합 필요
21080620,북구,화명2동,56.554676,62,3,85.853659,78.536585,76.097561,21.95122,30.243902,30.731707,education,교육,employment,고용,학습지원·학교 접근성 점검,housing_access,주거·접근성,주거·교통 접근 기반 보전 검토,집중 모니터링,특화 확정 불가: 산업·상권·관광·생활SOC 자산 데이터 결합 필요
21090720,해운대구,반송1동,56.350347,63,4,70.731707,35.121951,41.95122,54.634147,94.634146,16.829268,income,소득,education,교육,복지급여 누락 점검·통합사례관리,living_environment,생활환경,생활환경 기반 보전 검토,정기 모니터링,특화 확정 불가: 산업·상권·관광·생활SOC 자산 데이터 결합 필요
21090650,해운대구,재송2동,56.330157,64,4,17.560976,57.073171,47.804878,83.414634,70.243902,62.439024,housing_access,주거·접근성,income,소득,주거·교통·생활시설 접근 개선,education,교육,교육 기반 보전·연계 검토,정기 모니터링,특화 확정 불가: 산업·상권·관광·생활SOC 자산 데이터 결합 필요
21080560,북구,덕천1동,56.068487,65,4,84.390244,52.682927,23.902439,46.829268,80.487805,20.0,education,교육,income,소득,학습지원·학교 접근성 점검,living_environment,생활환경,생활환경 기반 보전 검토,정기 모니터링,특화 확정 불가: 산업·상권·관광·생활SOC 자산 데이터 결합 필요
21070580,남구,용호2동,55.885963,66,4,62.926829,83.414634,82.439025,51.707317,10.243902,55.121951,employment,고용,health,건강,주민 고용자료 검증 후 일자리·훈련 연계,income,소득,경제 안정 기반 보전 검토,정기 모니터링,특화 확정 불가: 산업·상권·관광·생활SOC 자산 데이터 결합 필요
21130600,연제구,연산6동,55.769666,67,4,58.536585,65.365854,32.682927,52.439024,53.658537,70.48780500000001,living_environment,생활환경,employment,고용,생활환경·안전·대기질 현장점검,health,건강,건강·의료 접근 기반 보전 검토,정기 모니터링,특화 확정 불가: 산업·상권·관광·생활SOC 자산 데이터 결합 필요
21090540,해운대구,중2동,55.754321,68,4,72.195122,67.317073,50.0,33.170731,39.512195,74.146341,living_environment,생활환경,education,교육,생활환경·안전·대기질 현장점검,housing_access,주거·접근성,주거·교통 접근 기반 보전 검토,정기 모니터링,특화 확정 불가: 산업·상권·관광·생활SOC 자산 데이터 결합 필요
21100510,사하구,괴정1동,55.746244,69,4,36.585366,62.926829,39.756097,75.609756,66.341463,43.902439,housing_access,주거·접근성,income,소득,주거·교통·생활시설 접근 개선,education,교육,교육 기반 보전·연계 검토,정기 모니터링,특화 확정 불가: 산업·상권·관광·생활SOC 자산 데이터 결합 필요
21030700,동구,좌천동,55.743822,70,4,10.731707,74.146341,54.878049,60.0,80.0,14.878049,income,소득,employment,고용,복지급여 누락 점검·통합사례관리,education,교육,교육 기반 보전·연계 검토,정기 모니터링,특화 확정 불가: 산업·상권·관광·생활SOC 자산 데이터 결합 필요
21110600,금정구,부곡4동,55.664675,71,4,5.365854,86.829268,36.585366,75.609757,50.243902,74.146342,employment,고용,housing_access,주거·접근성,주민 고용자료 검증 후 일자리·훈련 연계,education,교육,교육 기반 보전·연계 검토,정기 모니터링,특화 확정 불가: 산업·상권·관광·생활SOC 자산 데이터 결합 필요
21020610,서구,아미동,55.653368,72,4,47.317073,55.609756,19.512195,45.609756,95.121951,34.878049000000004,income,소득,employment,고용,복지급여 누락 점검·통합사례관리,health,건강,건강·의료 접근 기반 보전 검토,정기 모니터링,특화 확정 불가: 산업·상권·관광·생활SOC 자산 데이터 결합 필요
21010520,중구,동광동,55.614602,73,4,20.97561,72.195122,14.146341,59.756097,93.170732,30.97561,income,소득,employment,고용,복지급여 누락 점검·통합사례관리,health,건강,건강·의료 접근 기반 보전 검토,정기 모니터링,특화 확정 불가: 산업·상권·관광·생활SOC 자산 데이터 결합 필요
21140530,수영구,수영동,55.555645,74,4,80.0,44.878049,32.682927,71.21951200000001,62.926829,45.609756,education,교육,housing_access,주거·접근성,학습지원·학교 접근성 점검,health,건강,건강·의료 접근 기반 보전 검토,정기 모니터링,특화 확정 불가: 산업·상권·관광·생활SOC 자산 데이터 결합 필요
21130540,연제구,거제4동,55.113067,75,4,40.97561,93.658537,66.097561,44.146341,18.04878,67.07317,employment,고용,living_environment,생활환경,주민 고용자료 검증 후 일자리·훈련 연계,income,소득,경제 안정 기반 보전 검토,정기 모니터링,특화 확정 불가: 산업·상권·관광·생활SOC 자산 데이터 결합 필요
21040590,영도구,봉래1동,54.894201,76,4,49.756098,47.804878,23.414634,62.439024,81.95122,52.195122,income,소득,housing_access,주거·접근성,복지급여 누락 점검·통합사례관리,health,건강,건강·의료 접근 기반 보전 검토,정기 모니터링,특화 확정 불가: 산업·상권·관광·생활SOC 자산 데이터 결합 필요
21050550,부산진구,초읍동,54.892586,77,4,87.804878,46.829268,62.195122,46.585366,38.536585,63.902439,education,교육,living_environment,생활환경,학습지원·학교 접근성 점검,income,소득,경제 안정 기반 보전 검토,정기 모니터링,특화 확정 불가: 산업·상권·관광·생활SOC 자산 데이터 결합 필요
21080510,북구,구포1동,54.835245,78,4,51.219512,48.780488,55.365854,48.048781000000005,75.609756,30.487804,income,소득,health,건강,복지급여 누락 점검·통합사례관리,living_environment,생활환경,생활환경 기반 보전 검토,정기 모니터링,특화 확정 불가: 산업·상권·관광·생활SOC 자산 데이터 결합 필요
21050660,부산진구,부암3동,54.774673,79,4,29.756098,76.585366,84.634147,60.0,14.146341,88.04878099999999,living_environment,생활환경,health,건강,생활환경·안전·대기질 현장점검,income,소득,경제 안정 기반 보전 검토,정기 모니터링,특화 확정 불가: 산업·상권·관광·생활SOC 자산 데이터 결합 필요
21100570,사하구,하단2동,54.761751,80,4,76.097561,16.585366,37.560976,67.804878,74.634146,80.0,living_environment,생활환경,education,교육,생활환경·안전·대기질 현장점검,employment,고용,지역 일자리 기반 보전 검토,정기 모니터링,특화 확정 불가: 산업·상권·관광·생활SOC 자산 데이터 결합 필요
21100580,사하구,신평1동,54.414472,81,4,59.512195,14.146341,61.95122,66.585366,78.04878,64.146341,income,소득,housing_access,주거·접근성,복지급여 누락 점검·통합사례관리,employment,고용,지역 일자리 기반 보전 검토,정기 모니터링,특화 확정 불가: 산업·상권·관광·생활SOC 자산 데이터 결합 필요
21120530,강서구,강동동,54.392667,82,4,98.04878,48.292683,89.75609800000001,28.04878,9.756098,88.78048799999999,education,교육,health,건강,학습지원·학교 접근성 점검,income,소득,경제 안정 기반 보전 검토,정기 모니터링,특화 확정 불가: 산업·상권·관광·생활SOC 자산 데이터 결합 필요
21020560,서구,서대신3동,54.37813,83,4,53.170732,88.292683,63.170732,20.97561,21.95122,73.170732,employment,고용,living_environment,생활환경,주민 고용자료 검증 후 일자리·훈련 연계,housing_access,주거·접근성,주거·교통 접근 기반 보전 검토,정기 모니터링,특화 확정 불가: 산업·상권·관광·생활SOC 자산 데이터 결합 필요
21150510,사상구,삼락동,54.319981,84,5,80.97561,21.463415,44.146342,42.439025,81.463415,56.097561,income,소득,education,교육,복지급여 누락 점검·통합사례관리,employment,고용,지역 일자리 기반 보전 검토,정기 모니터링,특화 확정 불가: 산업·상권·관광·생활SOC 자산 데이터 결합 필요
21010540,중구,보수동,54.230334,85,5,9.268293,75.609756,68.04878099999999,36.829268,66.829268,34.634146,employment,고용,health,건강,주민 고용자료 검증 후 일자리·훈련 연계,education,교육,교육 기반 보전·연계 검토,정기 모니터링,특화 확정 불가: 산업·상권·관광·생활SOC 자산 데이터 결합 필요
21150600,사상구,주례1동,53.886287,86,5,42.439024,68.780488,88.78048799999999,46.585365,23.902439,63.658537,health,건강,employment,고용,의료·건강관리 접근성 점검,income,소득,경제 안정 기반 보전 검토,정기 모니터링,특화 확정 불가: 산업·상권·관광·생활SOC 자산 데이터 결합 필요
21050760,부산진구,개금3동,53.685996,87,5,18.536585,70.243902,74.878049,65.609756,37.560976,60.975609,health,건강,employment,고용,의료·건강관리 접근성 점검,education,교육,교육 기반 보전·연계 검토,정기 모니터링,특화 확정 불가: 산업·상권·관광·생활SOC 자산 데이터 결합 필요
21050800,부산진구,당감1동,53.328218,88,5,15.609756,56.097561,53.658537,82.43902399999999,59.512195,56.829269,housing_access,주거·접근성,income,소득,주거·교통·생활시설 접근 개선,education,교육,교육 기반 보전·연계 검토,정기 모니터링,특화 확정 불가: 산업·상권·관광·생활SOC 자산 데이터 결합 필요
21110670,금정구,청룡노포동,53.218381,89,5,98.536585,51.707317,65.609756,26.829268,42.926829,24.390244,education,교육,health,건강,학습지원·학교 접근성 점검,living_environment,생활환경,생활환경 기반 보전 검토,정기 모니터링,특화 확정 불가: 산업·상권·관광·생활SOC 자산 데이터 결합 필요
21140550,수영구,망미2동,53.164674,90,5,26.829268,61.219512,77.317073,40.0,51.707317,53.536585,health,건강,employment,고용,의료·건강관리 접근성 점검,education,교육,교육 기반 보전·연계 검토,정기 모니터링,특화 확정 불가: 산업·상권·관광·생활SOC 자산 데이터 결합 필요
21020590,서구,부민동,53.109352,91,5,40.487805,60.0,38.048781,49.756097,64.390244,52.682927,income,소득,employment,고용,복지급여 누락 점검·통합사례관리,health,건강,건강·의료 접근 기반 보전 검토,정기 모니터링,특화 확정 불가: 산업·상권·관광·생활SOC 자산 데이터 결합 필요
21050680,부산진구,당감2동,53.025359,92,5,79.02439,59.02439,73.414634,52.682927,17.560976,57.31707299999999,education,교육,health,건강,학습지원·학교 접근성 점검,income,소득,경제 안정 기반 보전 검토,정기 모니터링,특화 확정 불가: 산업·상권·관광·생활SOC 자산 데이터 결합 필요
21110610,금정구,장전1동,52.923599,93,5,76.585366,61.219512,72.439025,52.682927,16.097561,59.512195,education,교육,health,건강,학습지원·학교 접근성 점검,income,소득,경제 안정 기반 보전 검토,정기 모니터링,특화 확정 불가: 산업·상권·관광·생활SOC 자산 데이터 결합 필요
21080550,북구,화명1동,52.411565,94,5,94.634146,65.853659,75.853659,50.975609000000006,1.463415,49.268293,education,교육,health,건강,학습지원·학교 접근성 점검,income,소득,경제 안정 기반 보전 검토,정기 모니터링,특화 확정 불가: 산업·상권·관광·생활SOC 자산 데이터 결합 필요
21070680,남구,문현3동,52.265385,95,5,65.365854,78.04878,59.512195,66.829268,14.634146,36.829268,employment,고용,housing_access,주거·접근성,주민 고용자료 검증 후 일자리·훈련 연계,income,소득,경제 안정 기반 보전 검토,정기 모니터링,특화 확정 불가: 산업·상권·관광·생활SOC 자산 데이터 결합 필요
21100550,사하구,당리동,52.188661,96,5,86.829268,32.195122,18.780488,63.170732,55.609756,79.51219499999999,education,교육,living_environment,생활환경,학습지원·학교 접근성 점검,health,건강,건강·의료 접근 기반 보전 검토,정기 모니터링,특화 확정 불가: 산업·상권·관광·생활SOC 자산 데이터 결합 필요
21040660,영도구,동삼2동,51.766274,97,5,33.658537,63.414634,60.731708,34.634147,60.97561,31.707317,employment,고용,income,소득,주민 고용자료 검증 후 일자리·훈련 연계,living_environment,생활환경,생활환경 기반 보전 검토,정기 모니터링,특화 확정 불가: 산업·상권·관광·생활SOC 자산 데이터 결합 필요
21120510,강서구,대저1동,51.665321,98,5,79.512195,9.268293,77.560976,38.048781,76.097561,30.731708,education,교육,health,건강,학습지원·학교 접근성 점검,employment,고용,지역 일자리 기반 보전 검토,정기 모니터링,특화 확정 불가: 산업·상권·관광·생활SOC 자산 데이터 결합 필요
21040640,영도구,청학2동,51.612017,99,5,67.804878,40.243902,61.707317,41.463415,59.02439,33.170731,education,교육,health,건강,학습지원·학교 접근성 점검,living_environment,생활환경,생활환경 기반 보전 검토,정기 모니터링,특화 확정 불가: 산업·상권·관광·생활SOC 자산 데이터 결합 필요
21040540,영도구,영선1동,51.574867,100,5,27.317073,90.731707,9.268293,33.902439,68.780488,29.512195,employment,고용,income,소득,주민 고용자료 검증 후 일자리·훈련 연계,health,건강,건강·의료 접근 기반 보전 검토,정기 모니터링,특화 확정 불가: 산업·상권·관광·생활SOC 자산 데이터 결합 필요
21030570,동구,수정2동,51.431917,101,5,35.609756,39.512195,44.390244,43.902439,80.97561,49.512195,income,소득,living_environment,생활환경,복지급여 누락 점검·통합사례관리,education,교육,교육 기반 보전·연계 검토,정기 모니터링,특화 확정 불가: 산업·상권·관광·생활SOC 자산 데이터 결합 필요
21130550,연제구,연산1동,51.277661,102,5,64.878049,51.219512,49.02439,74.146342,29.756098,64.146342,housing_access,주거·접근성,education,교육,주거·교통·생활시설 접근 개선,income,소득,경제 안정 기반 보전 검토,정기 모니터링,특화 확정 불가: 산업·상권·관광·생활SOC 자산 데이터 결합 필요
21080600,북구,만덕2동,51.25424,103,5,31.219512,59.512195,56.585366,47.804878,56.585366,43.170731,employment,고용,health,건강,주민 고용자료 검증 후 일자리·훈련 연계,education,교육,교육 기반 보전·연계 검토,정기 모니터링,특화 확정 불가: 산업·상권·관광·생활SOC 자산 데이터 결합 필요
21030510,동구,초량1동,50.842756,104,6,21.463415,24.878049,48.04878,83.536586,85.365854,44.146342,income,소득,housing_access,주거·접근성,복지급여 누락 점검·통합사례관리,education,교육,교육 기반 보전·연계 검토,정기 모니터링,특화 확정 불가: 산업·상권·관광·생활SOC 자산 데이터 결합 필요
21140560,수영구,광안1동,50.510418,105,6,52.195122,42.439024,57.560976,61.219512,41.463415,68.536585,living_environment,생활환경,housing_access,주거·접근성,생활환경·안전·대기질 현장점검,income,소득,경제 안정 기반 보전 검토,정기 모니터링,특화 확정 불가: 산업·상권·관광·생활SOC 자산 데이터 결합 필요
21100590,사하구,신평2동,50.30932,106,6,92.682927,20.0,47.317073,54.634147,45.853659,72.926829,education,교육,living_environment,생활환경,학습지원·학교 접근성 점검,employment,고용,지역 일자리 기반 보전 검토,정기 모니터링,특화 확정 불가: 산업·상권·관광·생활SOC 자산 데이터 결합 필요
21070710,남구,우암동,49.581651,107,6,14.634146,81.463415,49.756097,42.439024,54.146341,19.02439,employment,고용,income,소득,주민 고용자료 검증 후 일자리·훈련 연계,education,교육,교육 기반 보전·연계 검토,정기 모니터링,특화 확정 불가: 산업·상권·관광·생활SOC 자산 데이터 결합 필요
21130620,연제구,연산8동,49.171378,108,6,13.658537,66.829268,60.731708,69.756097,32.195122,61.707317,housing_access,주거·접근성,employment,고용,주거·교통·생활시설 접근 개선,education,교육,교육 기반 보전·연계 검토,정기 모니터링,특화 확정 불가: 산업·상권·관광·생활SOC 자산 데이터 결합 필요
21090680,해운대구,좌3동,49.120094,109,6,12.682927,82.439024,88.292683,43.292683,6.829268,72.682927,health,건강,employment,고용,의료·건강관리 접근성 점검,income,소득,경제 안정 기반 보전 검토,정기 모니터링,특화 확정 불가: 산업·상권·관광·생활SOC 자산 데이터 결합 필요
21070620,남구,감만1동,49.118882,110,6,69.268293,49.268293,89.51219499999999,13.902439,32.682927,35.853658,health,건강,education,교육,의료·건강관리 접근성 점검,housing_access,주거·접근성,주거·교통 접근 기반 보전 검토,정기 모니터링,특화 확정 불가: 산업·상권·관광·생활SOC 자산 데이터 결합 필요
21060630,동래구,명장1동,49.089808,111,6,38.04878,60.487805,51.219512,53.658536,40.97561,49.512195,employment,고용,housing_access,주거·접근성,주민 고용자료 검증 후 일자리·훈련 연계,education,교육,교육 기반 보전·연계 검토,정기 모니터링,특화 확정 불가: 산업·상권·관광·생활SOC 자산 데이터 결합 필요
21150520,사상구,모라1동,48.988855,112,6,60.0,12.195122,63.414634,65.85365900000001,50.731707,80.0,living_environment,생활환경,housing_access,주거·접근성,생활환경·안전·대기질 현장점검,employment,고용,지역 일자리 기반 보전 검토,정기 모니터링,특화 확정 불가: 산업·상권·관광·생활SOC 자산 데이터 결합 필요
21150550,사상구,덕포1동,48.869326,113,6,11.707317,86.341463,35.365853,57.804878,29.268293,70.243903,employment,고용,living_environment,생활환경,주민 고용자료 검증 후 일자리·훈련 연계,education,교육,교육 기반 보전·연계 검토,정기 모니터링,특화 확정 불가: 산업·상권·관광·생활SOC 자산 데이터 결합 필요
21020680,서구,암남동,48.737684,114,6,91.707317,16.097561,64.634147,45.609756,46.829268,50.0,education,교육,health,건강,학습지원·학교 접근성 점검,employment,고용,지역 일자리 기반 보전 검토,정기 모니터링,특화 확정 불가: 산업·상권·관광·생활SOC 자산 데이터 결합 필요
21060600,동래구,사직3동,48.593927,115,6,36.097561,53.658537,53.170732,65.609756,35.121951,63.41463400000001,housing_access,주거·접근성,living_environment,생활환경,주거·교통·생활시설 접근 개선,income,소득,경제 안정 기반 보전 검토,정기 모니터링,특화 확정 불가: 산업·상권·관광·생활SOC 자산 데이터 결합 필요
21110730,금정구,금사회동동,48.464707,116,6,99.02439,10.731707,29.756098,49.02439,79.02439,19.024391,education,교육,income,소득,학습지원·학교 접근성 점검,employment,고용,지역 일자리 기반 보전 검토,정기 모니터링,특화 확정 불가: 산업·상권·관광·생활SOC 자산 데이터 결합 필요
21070690,남구,문현4동,48.070586,117,6,44.390244,52.195122,70.97561,47.073171,46.341463,15.365854,health,건강,employment,고용,의료·건강관리 접근성 점검,living_environment,생활환경,생활환경 기반 보전 검토,정기 모니터링,특화 확정 불가: 산업·상권·관광·생활SOC 자산 데이터 결합 필요
21050700,부산진구,당감4동,47.786303,118,6,41.463415,76.097561,33.658536,31.951219,37.073171,50.731707,employment,고용,living_environment,생활환경,주민 고용자료 검증 후 일자리·훈련 연계,housing_access,주거·접근성,주거·교통 접근 기반 보전 검토,정기 모니터링,특화 확정 불가: 산업·상권·관광·생활SOC 자산 데이터 결합 필요
21090690,해운대구,좌4동,47.631643,119,6,96.097561,45.365854,66.097561,43.780488,0.97561,72.682927,education,교육,living_environment,생활환경,학습지원·학교 접근성 점검,income,소득,경제 안정 기반 보전 검토,정기 모니터링,특화 확정 불가: 산업·상권·관광·생활SOC 자산 데이터 결합 필요
21080570,북구,덕천2동,47.561783,120,6,82.439024,25.365854,1.463415,61.463415,82.439024,19.268292,education,교육,income,소득,학습지원·학교 접근성 점검,health,건강,건강·의료 접근 기반 보전 검토,정기 모니터링,특화 확정 불가: 산업·상권·관광·생활SOC 자산 데이터 결합 필요
21510120,기장군,장안읍,47.496366,121,6,83.902439,7.804878,57.804878,22.195122,86.829268,5.853658,income,소득,education,교육,복지급여 누락 점검·통합사례관리,living_environment,생활환경,생활환경 기반 보전 검토,정기 모니터링,특화 확정 불가: 산업·상권·관광·생활SOC 자산 데이터 결합 필요
21080520,북구,구포2동,47.479405,122,6,47.804878,36.097561,55.853658,49.268292,53.170732,46.829268,health,건강,income,소득,의료·건강관리 접근성 점검,employment,고용,지역 일자리 기반 보전 검토,정기 모니터링,특화 확정 불가: 산업·상권·관광·생활SOC 자산 데이터 결합 필요
21140520,수영구,남천2동,47.184623,123,6,43.414634,45.853659,84.878049,90.0,8.292683,52.439025,housing_access,주거·접근성,health,건강,주거·교통·생활시설 접근 개선,income,소득,경제 안정 기반 보전 검토,정기 모니터링,특화 확정 불가: 산업·상권·관광·생활SOC 자산 데이터 결합 필요
21090710,해운대구,반여4동,46.285738,124,6,4.878049,89.268293,90.731707,25.609756,5.365854,57.560976,health,건강,employment,고용,의료·건강관리 접근성 점검,education,교육,교육 기반 보전·연계 검토,정기 모니터링,특화 확정 불가: 산업·상권·관광·생활SOC 자산 데이터 결합 필요
21080590,북구,만덕1동,46.209013,125,7,38.536585,82.926829,46.097561,35.853659,20.0,42.439025,employment,고용,health,건강,주민 고용자료 검증 후 일자리·훈련 연계,income,소득,경제 안정 기반 보전 검토,정기 모니터링,특화 확정 불가: 산업·상권·관광·생활SOC 자산 데이터 결합 필요
21020640,서구,충무동,46.02326,126,7,42.926829,41.463415,13.414635,53.902439,73.658537,34.146342,income,소득,housing_access,주거·접근성,복지급여 누락 점검·통합사례관리,health,건강,건강·의료 접근 기반 보전 검토,정기 모니터링,특화 확정 불가: 산업·상권·관광·생활SOC 자산 데이터 결합 필요
21070540,남구,대연4동,45.696172,127,7,10.243902,73.658537,63.41463400000001,34.634146,44.878049,16.829268,employment,고용,health,건강,주민 고용자료 검증 후 일자리·훈련 연계,education,교육,교육 기반 보전·연계 검토,정기 모니터링,특화 확정 불가: 산업·상권·관광·생활SOC 자산 데이터 결합 필요
21100650,사하구,감천1동,45.60168,128,7,25.365854,44.390244,42.439024,52.439024,64.878049,29.02439,income,소득,housing_access,주거·접근성,복지급여 누락 점검·통합사례관리,education,교육,교육 기반 보전·연계 검토,정기 모니터링,특화 확정 불가: 산업·상권·관광·생활SOC 자산 데이터 결합 필요
21040530,영도구,남항동,45.596834,129,7,50.731707,19.02439,15.365854,47.317073,87.317073,43.658537,income,소득,education,교육,복지급여 누락 점검·통합사례관리,health,건강,건강·의료 접근 기반 보전 검토,정기 모니터링,특화 확정 불가: 산업·상권·관광·생활SOC 자산 데이터 결합 필요
21150650,사상구,감전동,45.533839,130,7,81.95122,2.439024,29.512195,33.414634,72.195122,67.804878,education,교육,income,소득,학습지원·학교 접근성 점검,employment,고용,지역 일자리 기반 보전 검토,정기 모니터링,특화 확정 불가: 산업·상권·관광·생활SOC 자산 데이터 결합 필요
21070670,남구,문현2동,45.48942,131,7,43.902439,24.390244,45.853658,57.073171,73.170732,19.756097,income,소득,housing_access,주거·접근성,복지급여 누락 점검·통합사례관리,living_environment,생활환경,생활환경 기반 보전 검토,정기 모니터링,특화 확정 불가: 산업·상권·관광·생활SOC 자산 데이터 결합 필요
21110700,금정구,구서2동,44.490389,132,7,86.341463,38.04878,38.292683,66.58536600000001,15.609756,56.097561,education,교육,housing_access,주거·접근성,학습지원·학교 접근성 점검,income,소득,경제 안정 기반 보전 검토,정기 모니터링,특화 확정 불가: 산업·상권·관광·생활SOC 자산 데이터 결합 필요
21120600,강서구,명지2동,44.430221,133,7,90.731707,41.95122,53.902439,24.512195,2.439024,90.975609,living_environment,생활환경,education,교육,생활환경·안전·대기질 현장점검,income,소득,경제 안정 기반 보전 검토,정기 모니터링,특화 확정 불가: 산업·상권·관광·생활SOC 자산 데이터 결합 필요
21110680,금정구,남산동,44.405589,134,7,49.268293,13.658537,37.073170000000005,54.634146,71.707317,46.097561000000006,income,소득,housing_access,주거·접근성,복지급여 누락 점검·통합사례관리,employment,고용,지역 일자리 기반 보전 검토,정기 모니터링,특화 확정 불가: 산업·상권·관광·생활SOC 자산 데이터 결합 필요
21010510,중구,중앙동,44.366015,135,7,71.219512,0.487805,6.097561,49.756098,96.585366,35.365853,income,소득,education,교육,복지급여 누락 점검·통합사례관리,employment,고용,지역 일자리 기반 보전 검토,정기 모니터링,특화 확정 불가: 산업·상권·관광·생활SOC 자산 데이터 결합 필요
21010530,중구,대청동,43.856404,136,7,23.414634,67.804878,6.341463,36.341464,63.414634,30.243902,employment,고용,income,소득,주민 고용자료 검증 후 일자리·훈련 연계,health,건강,건강·의료 접근 기반 보전 검토,정기 모니터링,특화 확정 불가: 산업·상권·관광·생활SOC 자산 데이터 결합 필요
21050740,부산진구,개금1동,43.825715,137,7,59.02439,40.97561,11.951219,54.390243,40.487805,72.439025,living_environment,생활환경,education,교육,생활환경·안전·대기질 현장점검,health,건강,건강·의료 접근 기반 보전 검토,정기 모니터링,특화 확정 불가: 산업·상권·관광·생활SOC 자산 데이터 결합 필요
21050540,부산진구,연지동,43.76595,138,7,8.292683,68.292683,63.902439,54.14634100000001,15.121951,65.609756,employment,고용,living_environment,생활환경,주민 고용자료 검증 후 일자리·훈련 연계,education,교육,교육 기반 보전·연계 검토,정기 모니터링,특화 확정 불가: 산업·상권·관광·생활SOC 자산 데이터 결합 필요
21050840,부산진구,범천2동,43.754644,139,7,0.487805,56.585366,57.317073,63.902439,44.390244,34.146342000000004,housing_access,주거·접근성,health,건강,주거·교통·생활시설 접근 개선,education,교육,교육 기반 보전·연계 검토,정기 모니터링,특화 확정 불가: 산업·상권·관광·생활SOC 자산 데이터 결합 필요
21060610,동래구,안락1동,43.706994,140,7,71.707317,28.780488,10.0,59.268292,57.560976,39.02439,education,교육,housing_access,주거·접근성,학습지원·학교 접근성 점검,health,건강,건강·의료 접근 기반 보전 검토,정기 모니터링,특화 확정 불가: 산업·상권·관광·생활SOC 자산 데이터 결합 필요
21100620,사하구,다대1동,43.493782,141,7,85.365854,13.170732,40.243903,34.146342000000004,45.365854,65.609756,education,교육,living_environment,생활환경,학습지원·학교 접근성 점검,employment,고용,지역 일자리 기반 보전 검토,정기 모니터링,특화 확정 불가: 산업·상권·관광·생활SOC 자산 데이터 결합 필요
21120520,강서구,대저2동,43.411404,142,7,95.609756,3.902439,74.146342,22.92683,36.585366,55.609756,education,교육,health,건강,학습지원·학교 접근성 점검,employment,고용,지역 일자리 기반 보전 검토,정기 모니터링,특화 확정 불가: 산업·상권·관광·생활SOC 자산 데이터 결합 필요
21130630,연제구,연산9동,43.112583,143,7,70.243902,15.121951,33.414634,79.02439,36.097561,66.585366,housing_access,주거·접근성,education,교육,주거·교통·생활시설 접근 개선,employment,고용,지역 일자리 기반 보전 검토,정기 모니터링,특화 확정 불가: 산업·상권·관광·생활SOC 자산 데이터 결합 필요
21140570,수영구,광안2동,43.11016,144,7,57.560976,36.585366,36.585366,61.219513,31.219512,58.04878,housing_access,주거·접근성,living_environment,생활환경,주거·교통·생활시설 접근 개선,income,소득,경제 안정 기반 보전 검토,정기 모니터링,특화 확정 불가: 산업·상권·관광·생활SOC 자산 데이터 결합 필요
21050570,부산진구,양정2동,43.106121,145,7,55.121951,18.04878,52.682926,52.926829000000005,39.02439,72.43902499999999,living_environment,생활환경,education,교육,생활환경·안전·대기질 현장점검,employment,고용,지역 일자리 기반 보전 검토,정기 모니터링,특화 확정 불가: 산업·상권·관광·생활SOC 자산 데이터 결합 필요
21510110,기장군,기장읍,42.941366,146,8,94.146341,2.926829,41.707317,20.97561,67.804878,29.024391,education,교육,income,소득,학습지원·학교 접근성 점검,employment,고용,지역 일자리 기반 보전 검토,상대 저취약,특화 확정 불가: 산업·상권·관광·생활SOC 자산 데이터 결합 필요
21150570,사상구,괘법동,42.911485,147,8,72.682927,8.780488,29.756098,45.121952,47.804878,87.317073,living_environment,생활환경,education,교육,생활환경·안전·대기질 현장점검,employment,고용,지역 일자리 기반 보전 검토,상대 저취약,특화 확정 불가: 산업·상권·관광·생활SOC 자산 데이터 결합 필요
21150560,사상구,덕포2동,42.364723,148,8,27.804878,29.268293,49.512195,54.390244,43.414634,70.24390199999999,living_environment,생활환경,housing_access,주거·접근성,생활환경·안전·대기질 현장점검,education,교육,교육 기반 보전·연계 검토,상대 저취약,특화 확정 불가: 산업·상권·관광·생활SOC 자산 데이터 결합 필요
21050810,부산진구,가야1동,42.278307,149,8,5.853659,38.536585,46.341463,46.341464,55.121951,63.170732,living_environment,생활환경,income,소득,생활환경·안전·대기질 현장점검,education,교육,교육 기반 보전·연계 검토,상대 저취약,특화 확정 불가: 산업·상권·관광·생활SOC 자산 데이터 결합 필요
21040650,영도구,동삼1동,41.766274,150,8,31.707317,32.682927,49.512195000000006,34.390244,58.536585,33.902439,income,소득,health,건강,복지급여 누락 점검·통합사례관리,education,교육,교육 기반 보전·연계 검토,상대 저취약,특화 확정 불가: 산업·상권·관광·생활SOC 자산 데이터 결합 필요
21060590,동래구,사직2동,41.489258,151,8,28.780488,50.243902,80.24390299999999,31.95122,6.341463,77.07317,health,건강,living_environment,생활환경,의료·건강관리 접근성 점검,income,소득,경제 안정 기반 보전 검토,상대 저취약,특화 확정 불가: 산업·상권·관광·생활SOC 자산 데이터 결합 필요
21100640,사하구,구평동,41.425456,152,8,89.268293,31.219512,59.512195,18.536585,25.853659,30.97561,education,교육,health,건강,학습지원·학교 접근성 점검,housing_access,주거·접근성,주거·교통 접근 기반 보전 검토,상대 저취약,특화 확정 불가: 산업·상권·관광·생활SOC 자산 데이터 결합 필요
21060560,동래구,온천2동,41.377806,153,8,77.560976,26.829268,37.317073,37.560976,18.536585,89.02439100000001,living_environment,생활환경,education,교육,생활환경·안전·대기질 현장점검,income,소득,경제 안정 기반 보전 검토,상대 저취약,특화 확정 불가: 산업·상권·관광·생활SOC 자산 데이터 결합 필요
21070550,남구,대연5동,41.273623,154,8,61.95122,47.317073,36.829268,43.658537,26.341463,36.829268,education,교육,employment,고용,학습지원·학교 접근성 점검,income,소득,경제 안정 기반 보전 검토,상대 저취약,특화 확정 불가: 산업·상권·관광·생활SOC 자산 데이터 결합 필요
21070610,남구,용당동,41.182361,155,8,81.463415,26.341463,62.682926,28.536586,34.146341,17.073171000000002,education,교육,health,건강,학습지원·학교 접근성 점검,living_environment,생활환경,생활환경 기반 보전 검토,상대 저취약,특화 확정 불가: 산업·상권·관광·생활SOC 자산 데이터 결합 필요
21060580,동래구,사직1동,41.086254,156,8,75.609756,50.731707,9.756098,35.609756000000004,24.878049,57.804878,education,교육,living_environment,생활환경,학습지원·학교 접근성 점검,health,건강,건강·의료 접근 기반 보전 검토,상대 저취약,특화 확정 불가: 산업·상권·관광·생활SOC 자산 데이터 결합 필요
21150610,사상구,주례2동,41.022452,157,8,28.292683,30.731707,61.707318,30.731708,33.170732,83.658537,living_environment,생활환경,health,건강,생활환경·안전·대기질 현장점검,education,교육,교육 기반 보전·연계 검토,상대 저취약,특화 확정 불가: 산업·상권·관광·생활SOC 자산 데이터 결합 필요
21510111,기장군,일광읍,41.008722,158,8,99.512195,22.439024,57.560976,10.487805,34.634146,22.92683,education,교육,health,건강,학습지원·학교 접근성 점검,housing_access,주거·접근성,주거·교통 접근 기반 보전 검토,상대 저취약,특화 확정 불가: 산업·상권·관광·생활SOC 자산 데이터 결합 필요
21140580,수영구,광안3동,40.987724,159,8,45.365854,28.292683,3.170732,45.609756,70.731707,43.658536,income,소득,housing_access,주거·접근성,복지급여 누락 점검·통합사례관리,health,건강,건강·의료 접근 기반 보전 검토,상대 저취약,특화 확정 불가: 산업·상권·관광·생활SOC 자산 데이터 결합 필요
21060550,동래구,온천1동,39.662413,160,8,78.536585,21.95122,18.04878,44.390244,25.365854,87.317073,living_environment,생활환경,education,교육,생활환경·안전·대기질 현장점검,health,건강,건강·의료 접근 기반 보전 검토,상대 저취약,특화 확정 불가: 산업·상권·관광·생활SOC 자산 데이터 결합 필요
21050610,부산진구,전포2동,39.652722,161,8,52.682927,11.707317,67.317073,31.951219,43.902439,45.609756,health,건강,education,교육,의료·건강관리 접근성 점검,employment,고용,지역 일자리 기반 보전 검토,상대 저취약,특화 확정 불가: 산업·상권·관광·생활SOC 자산 데이터 결합 필요
21130580,연제구,연산4동,39.537231,162,8,16.585366,23.414634,9.756097,63.902439,60.0,81.21951200000001,living_environment,생활환경,housing_access,주거·접근성,생활환경·안전·대기질 현장점검,health,건강,건강·의료 접근 기반 보전 검토,상대 저취약,특화 확정 불가: 산업·상권·관광·생활SOC 자산 데이터 결합 필요
21140590,수영구,광안4동,39.535616,163,8,22.439024,70.731707,12.682926000000002,56.097561,28.780488,37.317073,employment,고용,housing_access,주거·접근성,주민 고용자료 검증 후 일자리·훈련 연계,health,건강,건강·의료 접근 기반 보전 검토,상대 저취약,특화 확정 불가: 산업·상권·관광·생활SOC 자산 데이터 결합 필요
21150640,사상구,엄궁동,39.326442,164,8,55.609756,27.317073,46.829269,51.219512,11.707317,88.780488,living_environment,생활환경,education,교육,생활환경·안전·대기질 현장점검,income,소득,경제 안정 기반 보전 검토,상대 저취약,특화 확정 불가: 산업·상권·관광·생활SOC 자산 데이터 결합 필요
21070570,남구,용호1동,38.629462,165,8,45.853659,34.634146,52.926829,56.829268,13.658537,59.268293,living_environment,생활환경,housing_access,주거·접근성,생활환경·안전·대기질 현장점검,income,소득,경제 안정 기반 보전 검토,상대 저취약,특화 확정 불가: 산업·상권·관광·생활SOC 자산 데이터 결합 필요
21130520,연제구,거제2동,38.508318,166,9,54.634146,39.02439,46.585366,35.609756,7.317073,80.48780500000001,living_environment,생활환경,education,교육,생활환경·안전·대기질 현장점검,income,소득,경제 안정 기반 보전 검토,상대 저취약,특화 확정 불가: 산업·상권·관광·생활SOC 자산 데이터 결합 필요
21100610,사하구,장림2동,37.734615,167,9,32.195122,23.902439,21.463415,46.341463,52.195122,59.268293,living_environment,생활환경,income,소득,생활환경·안전·대기질 현장점검,health,건강,건강·의료 접근 기반 보전 검토,상대 저취약,특화 확정 불가: 산업·상권·관광·생활SOC 자산 데이터 결합 필요
21060570,동래구,온천3동,37.682927,168,9,56.585366,17.560976,25.121951000000003,49.512195,28.292683,88.04878099999999,living_environment,생활환경,education,교육,생활환경·안전·대기질 현장점검,employment,고용,지역 일자리 기반 보전 검토,상대 저취약,특화 확정 불가: 산업·상권·관광·생활SOC 자산 데이터 결합 필요
21120561,강서구,녹산동,37.157971,169,9,100.0,0.0,73.414634,3.658536,20.97561,55.853659,education,교육,health,건강,학습지원·학교 접근성 점검,employment,고용,지역 일자리 기반 보전 검토,상대 저취약,특화 확정 불가: 산업·상권·관광·생활SOC 자산 데이터 결합 필요
21060620,동래구,안락2동,37.015829,170,9,41.95122,34.146341,43.414634,47.560975,19.02439,60.487804,living_environment,생활환경,housing_access,주거·접근성,생활환경·안전·대기질 현장점검,income,소득,경제 안정 기반 보전 검토,상대 저취약,특화 확정 불가: 산업·상권·관광·생활SOC 자산 데이터 결합 필요
21140600,수영구,민락동,36.985948,171,9,29.268293,25.853659,66.82926800000001,56.097561,21.463415,50.243902,health,건강,housing_access,주거·접근성,의료·건강관리 접근성 점검,income,소득,경제 안정 기반 보전 검토,상대 저취약,특화 확정 불가: 산업·상권·관광·생활SOC 자산 데이터 결합 필요
21110580,금정구,부곡2동,36.963334,172,9,6.829268,49.756098,33.902439,64.878049,22.926829,60.243902,housing_access,주거·접근성,living_environment,생활환경,주거·교통·생활시설 접근 개선,education,교육,교육 기반 보전·연계 검토,상대 저취약,특화 확정 불가: 산업·상권·관광·생활SOC 자산 데이터 결합 필요
21150630,사상구,학장동,36.884994,173,9,39.02439,8.292683,32.195122,55.609756,41.95122,78.780488,living_environment,생활환경,housing_access,주거·접근성,생활환경·안전·대기질 현장점검,employment,고용,지역 일자리 기반 보전 검토,상대 저취약,특화 확정 불가: 산업·상권·관광·생활SOC 자산 데이터 결합 필요
21050640,부산진구,부암1동,36.778388,174,9,0.97561,43.414634,63.170731,55.609756,22.439024,50.243903,health,건강,housing_access,주거·접근성,의료·건강관리 접근성 점검,education,교육,교육 기반 보전·연계 검토,상대 저취약,특화 확정 불가: 산업·상권·관광·생활SOC 자산 데이터 결합 필요
21130560,연제구,연산2동,36.093523,175,9,1.463415,29.756098,58.292683,40.97561,30.731707,77.56097600000001,living_environment,생활환경,health,건강,생활환경·안전·대기질 현장점검,education,교육,교육 기반 보전·연계 검토,상대 저취약,특화 확정 불가: 산업·상권·관광·생활SOC 자산 데이터 결합 필요
21030530,동구,초량3동,35.857697,176,9,87.317073,3.414634,38.04878,29.02439,20.487805,80.48780500000001,education,교육,living_environment,생활환경,학습지원·학교 접근성 점검,employment,고용,지역 일자리 기반 보전 검토,상대 저취약,특화 확정 불가: 산업·상권·관광·생활SOC 자산 데이터 결합 필요
21070700,남구,대연1동,35.439347,177,9,44.878049,40.243902,15.121951,35.365853,35.609756,39.268292,education,교육,employment,고용,학습지원·학교 접근성 점검,health,건강,건강·의료 접근 기반 보전 검토,상대 저취약,특화 확정 불가: 산업·상권·관광·생활SOC 자산 데이터 결합 필요
21090730,해운대구,우1동,34.932967,178,9,24.878049,14.634146,36.829268,68.536585,33.658537,65.365854,housing_access,주거·접근성,living_environment,생활환경,주거·교통·생활시설 접근 개선,employment,고용,지역 일자리 기반 보전 검토,상대 저취약,특화 확정 불가: 산업·상권·관광·생활SOC 자산 데이터 결합 필요
21090700,해운대구,반여1동,34.655145,179,9,77.073171,18.536585,47.804879,38.536585,8.780488,51.707317,education,교육,living_environment,생활환경,학습지원·학교 접근성 점검,income,소득,경제 안정 기반 보전 검토,상대 저취약,특화 확정 불가: 산업·상권·관광·생활SOC 자산 데이터 결합 필요
21100600,사하구,장림1동,34.340171,180,9,19.02439,19.512195,47.560976,27.07317,40.0,66.829268,living_environment,생활환경,health,건강,생활환경·안전·대기질 현장점검,education,교육,교육 기반 보전·연계 검토,상대 저취약,특화 확정 불가: 산업·상권·관광·생활SOC 자산 데이터 결합 필요
21050820,부산진구,부전1동,34.063964,181,9,20.487805,4.390244,2.439024,25.609756,82.926829,61.707317,income,소득,living_environment,생활환경,복지급여 누락 점검·통합사례관리,health,건강,건강·의료 접근 기반 보전 검토,상대 저취약,특화 확정 불가: 산업·상권·관광·생활SOC 자산 데이터 결합 필요
21120562,강서구,신호동,34.053869,182,9,7.804878,33.658537,81.70731699999999,11.341463,5.853659,94.878049,living_environment,생활환경,health,건강,생활환경·안전·대기질 현장점검,income,소득,경제 안정 기반 보전 검토,상대 저취약,특화 확정 불가: 산업·상권·관광·생활SOC 자산 데이터 결합 필요
21110590,금정구,부곡3동,33.624617,183,9,96.585366,33.170732,17.560976,19.756098,13.170732,30.0,education,교육,employment,고용,학습지원·학교 접근성 점검,income,소득,경제 안정 기반 보전 검토,상대 저취약,특화 확정 불가: 산업·상권·관광·생활SOC 자산 데이터 결합 필요
21060650,동래구,명륜동,33.591504,184,9,65.853659,22.926829,33.170731,29.512195,9.268293,76.097561,living_environment,생활환경,education,교육,생활환경·안전·대기질 현장점검,income,소득,경제 안정 기반 보전 검토,상대 저취약,특화 확정 불가: 산업·상권·관광·생활SOC 자산 데이터 결합 필요
21070560,남구,대연6동,33.272493,185,9,25.853659,57.560976,44.146341,40.243903,4.878049,31.219512,employment,고용,health,건강,주민 고용자료 검증 후 일자리·훈련 연계,income,소득,경제 안정 기반 보전 검토,상대 저취약,특화 확정 불가: 산업·상권·관광·생활SOC 자산 데이터 결합 필요
21510130,기장군,정관읍,33.074624,186,9,95.121951,1.463415,62.195121,21.219512,23.414634,12.439025,education,교육,health,건강,학습지원·학교 접근성 점검,employment,고용,지역 일자리 기반 보전 검토,상대 저취약,특화 확정 불가: 산업·상권·관광·생활SOC 자산 데이터 결합 필요
21120590,강서구,명지1동,33.02536,187,10,84.878049,9.756098,51.463415,23.658537,3.414634,68.292683,education,교육,living_environment,생활환경,학습지원·학교 접근성 점검,income,소득,경제 안정 기반 보전 검토,상대 저취약,특화 확정 불가: 산업·상권·관광·생활SOC 자산 데이터 결합 필요
21130590,연제구,연산5동,32.251656,188,10,2.439024,5.365854,2.439025,52.439024,69.756098,72.92683,living_environment,생활환경,income,소득,생활환경·안전·대기질 현장점검,education,교육,교육 기반 보전·연계 검토,상대 저취약,특화 확정 불가: 산업·상권·관광·생활SOC 자산 데이터 결합 필요
21050830,부산진구,전포1동,32.028752,189,10,9.756098,15.609756,53.658537,27.804879,48.292683,37.560975,health,건강,income,소득,의료·건강관리 접근성 점검,education,교육,교육 기반 보전·연계 검토,상대 저취약,특화 확정 불가: 산업·상권·관광·생활SOC 자산 데이터 결합 필요
21050560,부산진구,양정1동,31.926183,190,10,39.512195,20.487805,43.658537,20.97561,27.317073,53.658537,living_environment,생활환경,health,건강,생활환경·안전·대기질 현장점검,employment,고용,지역 일자리 기반 보전 검토,상대 저취약,특화 확정 불가: 산업·상권·관광·생활SOC 자산 데이터 결합 필요
21110740,금정구,장전2동,31.38346,191,10,69.756098,12.682927,27.317073,24.390244000000003,12.195122,80.24390199999999,living_environment,생활환경,education,교육,생활환경·안전·대기질 현장점검,income,소득,경제 안정 기반 보전 검토,상대 저취약,특화 확정 불가: 산업·상권·관광·생활SOC 자산 데이터 결합 필요
21050520,부산진구,부전2동,30.891617,192,10,66.341463,1.95122,2.682927,29.02439,49.268293,47.804878,education,교육,income,소득,학습지원·학교 접근성 점검,employment,고용,지역 일자리 기반 보전 검토,상대 저취약,특화 확정 불가: 산업·상권·관광·생활SOC 자산 데이터 결합 필요
21060510,동래구,수민동,30.802778,193,10,26.341463,11.219512,22.926829,67.073171,27.804878,67.073171,housing_access,주거·접근성,living_environment,생활환경,주거·교통·생활시설 접근 개선,employment,고용,지역 일자리 기반 보전 검토,상대 저취약,특화 확정 불가: 산업·상권·관광·생활SOC 자산 데이터 결합 필요
21050770,부산진구,범천1동,30.453885,194,10,17.073171,7.317073,7.804879000000001,57.804878,67.317073,22.195122,income,소득,housing_access,주거·접근성,복지급여 누락 점검·통합사례관리,employment,고용,지역 일자리 기반 보전 검토,상대 저취약,특화 확정 불가: 산업·상권·관광·생활SOC 자산 데이터 결합 필요
21090660,해운대구,좌1동,30.334356,195,10,40.0,35.609756,26.341464,27.317074,4.390244,75.121951,living_environment,생활환경,education,교육,생활환경·안전·대기질 현장점검,income,소득,경제 안정 기반 보전 검토,상대 저취약,특화 확정 불가: 산업·상권·관광·생활SOC 자산 데이터 결합 필요
21090740,해운대구,우2동,29.78598,196,10,93.658537,0.97561,19.756097,50.487805,2.926829,65.609756,education,교육,living_environment,생활환경,학습지원·학교 접근성 점검,employment,고용,지역 일자리 기반 보전 검토,상대 저취약,특화 확정 불가: 산업·상권·관광·생활SOC 자산 데이터 결합 필요
21090640,해운대구,재송1동,29.778711,197,10,48.780488,4.878049,46.585366,41.463414,10.731707,72.439025,living_environment,생활환경,education,교육,생활환경·안전·대기질 현장점검,employment,고용,지역 일자리 기반 보전 검토,상대 저취약,특화 확정 불가: 산업·상권·관광·생활SOC 자산 데이터 결합 필요
21090670,해운대구,좌2동,29.68543,198,10,24.390244,30.243902,33.658537,44.756097,3.902439,77.560976,living_environment,생활환경,housing_access,주거·접근성,생활환경·안전·대기질 현장점검,income,소득,경제 안정 기반 보전 검토,상대 저취약,특화 확정 불가: 산업·상권·관광·생활SOC 자산 데이터 결합 필요
21090530,해운대구,중1동,29.611533,199,10,60.487805,10.243902,20.97561,48.536586,11.219512,69.75609800000001,living_environment,생활환경,education,교육,생활환경·안전·대기질 현장점검,employment,고용,지역 일자리 기반 보전 검토,상대 저취약,특화 확정 불가: 산업·상권·관광·생활SOC 자산 데이터 결합 필요
21080630,북구,화명3동,29.003796,200,10,50.243902,27.804878,36.341463,47.682927,0.487805,40.731708,education,교육,housing_access,주거·접근성,학습지원·학교 접근성 점검,income,소득,경제 안정 기반 보전 검토,상대 저취약,특화 확정 불가: 산업·상권·관광·생활SOC 자산 데이터 결합 필요
21090750,해운대구,우3동,27.800032,201,10,0.0,31.707317,56.097561,56.585366,0.0,56.097561,housing_access,주거·접근성,health,건강,주거·교통·생활시설 접근 개선,income,소득,경제 안정 기반 보전 검토,상대 저취약,특화 확정 불가: 산업·상권·관광·생활SOC 자산 데이터 결합 필요
21110690,금정구,구서1동,27.78065,202,10,37.073171,20.97561,20.731708,39.268292,16.585366,56.58536599999999,living_environment,생활환경,housing_access,주거·접근성,생활환경·안전·대기질 현장점검,income,소득,경제 안정 기반 보전 검토,상대 저취약,특화 확정 불가: 산업·상권·관광·생활SOC 자산 데이터 결합 필요
21030660,동구,범일2동,26.990793,203,10,58.04878,6.341463,1.951219,33.170732,51.219512,3.414634,education,교육,income,소득,학습지원·학교 접근성 점검,health,건강,건강·의료 접근 기반 보전 검토,상대 저취약,특화 확정 불가: 산업·상권·관광·생활SOC 자산 데이터 결합 필요
21130510,연제구,거제1동,26.674205,204,10,13.170732,5.853659,54.634146,50.0,12.682927,66.585366,living_environment,생활환경,health,건강,생활환경·안전·대기질 현장점검,employment,고용,지역 일자리 기반 보전 검토,상대 저취약,특화 확정 불가: 산업·상권·관광·생활SOC 자산 데이터 결합 필요
21070530,남구,대연3동,21.505411,205,10,22.926829,6.829268,48.292683,34.390244,1.95122,50.487805,living_environment,생활환경,health,건강,생활환경·안전·대기질 현장점검,income,소득,경제 안정 기반 보전 검토,상대 저취약,특화 확정 불가: 산업·상권·관광·생활SOC 자산 데이터 결합 필요
21140510,수영구,남천1동,20.956227,206,10,4.390244,17.073171,11.951219,61.95122,7.804878,58.292683,housing_access,주거·접근성,living_environment,생활환경,주거·교통·생활시설 접근 개선,education,교육,교육 기반 보전·연계 검토,상대 저취약,특화 확정 불가: 산업·상권·관광·생활SOC 자산 데이터 결합 필요
