reference_year,sido_code,sido_name,sigungu_code,sigungu_name,admin_dong_code,admin_dong_name,full_name
2025,21,부산광역시,21010,중구,21010510,중앙동,부산광역시 중구 중앙동
2025,21,부산광역시,21010,중구,21010520,동광동,부산광역시 중구 동광동
2025,21,부산광역시,21010,중구,21010530,대청동,부산광역시 중구 대청동
2025,21,부산광역시,21010,중구,21010540,보수동,부산광역시 중구 보수동
2025,21,부산광역시,21010,중구,21010560,부평동,부산광역시 중구 부평동
2025,21,부산광역시,21010,중구,21010570,광복동,부산광역시 중구 광복동
2025,21,부산광역시,21010,중구,21010580,남포동,부산광역시 중구 남포동
2025,21,부산광역시,21010,중구,21010590,영주1동,부산광역시 중구 영주1동
2025,21,부산광역시,21010,중구,21010600,영주2동,부산광역시 중구 영주2동
2025,21,부산광역시,21020,서구,21020510,동대신1동,부산광역시 서구 동대신1동
2025,21,부산광역시,21020,서구,21020520,동대신2동,부산광역시 서구 동대신2동
2025,21,부산광역시,21020,서구,21020530,동대신3동,부산광역시 서구 동대신3동
2025,21,부산광역시,21020,서구,21020540,서대신1동,부산광역시 서구 서대신1동
2025,21,부산광역시,21020,서구,21020560,서대신3동,부산광역시 서구 서대신3동
2025,21,부산광역시,21020,서구,21020570,서대신4동,부산광역시 서구 서대신4동
2025,21,부산광역시,21020,서구,21020590,부민동,부산광역시 서구 부민동
2025,21,부산광역시,21020,서구,21020610,아미동,부산광역시 서구 아미동
2025,21,부산광역시,21020,서구,21020630,초장동,부산광역시 서구 초장동
2025,21,부산광역시,21020,서구,21020640,충무동,부산광역시 서구 충무동
2025,21,부산광역시,21020,서구,21020650,남부민1동,부산광역시 서구 남부민1동
2025,21,부산광역시,21020,서구,21020680,암남동,부산광역시 서구 암남동
2025,21,부산광역시,21020,서구,21020690,남부민2동,부산광역시 서구 남부민2동
2025,21,부산광역시,21030,동구,21030510,초량1동,부산광역시 동구 초량1동
2025,21,부산광역시,21030,동구,21030520,초량2동,부산광역시 동구 초량2동
2025,21,부산광역시,21030,동구,21030530,초량3동,부산광역시 동구 초량3동
2025,21,부산광역시,21030,동구,21030550,초량6동,부산광역시 동구 초량6동
2025,21,부산광역시,21030,동구,21030560,수정1동,부산광역시 동구 수정1동
2025,21,부산광역시,21030,동구,21030570,수정2동,부산광역시 동구 수정2동
2025,21,부산광역시,21030,동구,21030590,수정4동,부산광역시 동구 수정4동
2025,21,부산광역시,21030,동구,21030600,수정5동,부산광역시 동구 수정5동
2025,21,부산광역시,21030,동구,21030660,범일2동,부산광역시 동구 범일2동
2025,21,부산광역시,21030,동구,21030680,범일5동,부산광역시 동구 범일5동
2025,21,부산광역시,21030,동구,21030700,좌천동,부산광역시 동구 좌천동
2025,21,부산광역시,21030,동구,21030710,범일1동,부산광역시 동구 범일1동
2025,21,부산광역시,21040,영도구,21040530,남항동,부산광역시 영도구 남항동
2025,21,부산광역시,21040,영도구,21040540,영선1동,부산광역시 영도구 영선1동
2025,21,부산광역시,21040,영도구,21040550,영선2동,부산광역시 영도구 영선2동
2025,21,부산광역시,21040,영도구,21040590,봉래1동,부산광역시 영도구 봉래1동
2025,21,부산광역시,21040,영도구,21040630,청학1동,부산광역시 영도구 청학1동
2025,21,부산광역시,21040,영도구,21040640,청학2동,부산광역시 영도구 청학2동
2025,21,부산광역시,21040,영도구,21040650,동삼1동,부산광역시 영도구 동삼1동
2025,21,부산광역시,21040,영도구,21040660,동삼2동,부산광역시 영도구 동삼2동
2025,21,부산광역시,21040,영도구,21040670,동삼3동,부산광역시 영도구 동삼3동
2025,21,부산광역시,21040,영도구,21040680,신선동,부산광역시 영도구 신선동
2025,21,부산광역시,21040,영도구,21040690,봉래2동,부산광역시 영도구 봉래2동
2025,21,부산광역시,21050,부산진구,21050520,부전2동,부산광역시 부산진구 부전2동
2025,21,부산광역시,21050,부산진구,21050540,연지동,부산광역시 부산진구 연지동
2025,21,부산광역시,21050,부산진구,21050550,초읍동,부산광역시 부산진구 초읍동
2025,21,부산광역시,21050,부산진구,21050560,양정1동,부산광역시 부산진구 양정1동
2025,21,부산광역시,21050,부산진구,21050570,양정2동,부산광역시 부산진구 양정2동
2025,21,부산광역시,21050,부산진구,21050610,전포2동,부산광역시 부산진구 전포2동
2025,21,부산광역시,21050,부산진구,21050640,부암1동,부산광역시 부산진구 부암1동
2025,21,부산광역시,21050,부산진구,21050660,부암3동,부산광역시 부산진구 부암3동
2025,21,부산광역시,21050,부산진구,21050680,당감2동,부산광역시 부산진구 당감2동
2025,21,부산광역시,21050,부산진구,21050700,당감4동,부산광역시 부산진구 당감4동
2025,21,부산광역시,21050,부산진구,21050720,가야2동,부산광역시 부산진구 가야2동
2025,21,부산광역시,21050,부산진구,21050740,개금1동,부산광역시 부산진구 개금1동
2025,21,부산광역시,21050,부산진구,21050750,개금2동,부산광역시 부산진구 개금2동
2025,21,부산광역시,21050,부산진구,21050760,개금3동,부산광역시 부산진구 개금3동
2025,21,부산광역시,21050,부산진구,21050770,범천1동,부산광역시 부산진구 범천1동
2025,21,부산광역시,21050,부산진구,21050800,당감1동,부산광역시 부산진구 당감1동
2025,21,부산광역시,21050,부산진구,21050810,가야1동,부산광역시 부산진구 가야1동
2025,21,부산광역시,21050,부산진구,21050820,부전1동,부산광역시 부산진구 부전1동
2025,21,부산광역시,21050,부산진구,21050830,전포1동,부산광역시 부산진구 전포1동
2025,21,부산광역시,21050,부산진구,21050840,범천2동,부산광역시 부산진구 범천2동
2025,21,부산광역시,21060,동래구,21060510,수민동,부산광역시 동래구 수민동
2025,21,부산광역시,21060,동래구,21060520,복산동,부산광역시 동래구 복산동
2025,21,부산광역시,21060,동래구,21060550,온천1동,부산광역시 동래구 온천1동
2025,21,부산광역시,21060,동래구,21060560,온천2동,부산광역시 동래구 온천2동
2025,21,부산광역시,21060,동래구,21060570,온천3동,부산광역시 동래구 온천3동
2025,21,부산광역시,21060,동래구,21060580,사직1동,부산광역시 동래구 사직1동
2025,21,부산광역시,21060,동래구,21060590,사직2동,부산광역시 동래구 사직2동
2025,21,부산광역시,21060,동래구,21060600,사직3동,부산광역시 동래구 사직3동
2025,21,부산광역시,21060,동래구,21060610,안락1동,부산광역시 동래구 안락1동
2025,21,부산광역시,21060,동래구,21060620,안락2동,부산광역시 동래구 안락2동
2025,21,부산광역시,21060,동래구,21060630,명장1동,부산광역시 동래구 명장1동
2025,21,부산광역시,21060,동래구,21060640,명장2동,부산광역시 동래구 명장2동
2025,21,부산광역시,21060,동래구,21060650,명륜동,부산광역시 동래구 명륜동
2025,21,부산광역시,21070,남구,21070530,대연3동,부산광역시 남구 대연3동
2025,21,부산광역시,21070,남구,21070540,대연4동,부산광역시 남구 대연4동
2025,21,부산광역시,21070,남구,21070550,대연5동,부산광역시 남구 대연5동
2025,21,부산광역시,21070,남구,21070560,대연6동,부산광역시 남구 대연6동
2025,21,부산광역시,21070,남구,21070570,용호1동,부산광역시 남구 용호1동
2025,21,부산광역시,21070,남구,21070580,용호2동,부산광역시 남구 용호2동
2025,21,부산광역시,21070,남구,21070590,용호3동,부산광역시 남구 용호3동
2025,21,부산광역시,21070,남구,21070600,용호4동,부산광역시 남구 용호4동
2025,21,부산광역시,21070,남구,21070610,용당동,부산광역시 남구 용당동
2025,21,부산광역시,21070,남구,21070620,감만1동,부산광역시 남구 감만1동
2025,21,부산광역시,21070,남구,21070630,감만2동,부산광역시 남구 감만2동
2025,21,부산광역시,21070,남구,21070660,문현1동,부산광역시 남구 문현1동
2025,21,부산광역시,21070,남구,21070670,문현2동,부산광역시 남구 문현2동
2025,21,부산광역시,21070,남구,21070680,문현3동,부산광역시 남구 문현3동
2025,21,부산광역시,21070,남구,21070690,문현4동,부산광역시 남구 문현4동
2025,21,부산광역시,21070,남구,21070700,대연1동,부산광역시 남구 대연1동
2025,21,부산광역시,21070,남구,21070710,우암동,부산광역시 남구 우암동
2025,21,부산광역시,21080,북구,21080510,구포1동,부산광역시 북구 구포1동
2025,21,부산광역시,21080,북구,21080520,구포2동,부산광역시 북구 구포2동
2025,21,부산광역시,21080,북구,21080530,구포3동,부산광역시 북구 구포3동
2025,21,부산광역시,21080,북구,21080540,금곡동,부산광역시 북구 금곡동
2025,21,부산광역시,21080,북구,21080550,화명1동,부산광역시 북구 화명1동
2025,21,부산광역시,21080,북구,21080560,덕천1동,부산광역시 북구 덕천1동
2025,21,부산광역시,21080,북구,21080570,덕천2동,부산광역시 북구 덕천2동
2025,21,부산광역시,21080,북구,21080580,덕천3동,부산광역시 북구 덕천3동
2025,21,부산광역시,21080,북구,21080590,만덕1동,부산광역시 북구 만덕1동
2025,21,부산광역시,21080,북구,21080600,만덕2동,부산광역시 북구 만덕2동
2025,21,부산광역시,21080,북구,21080610,만덕3동,부산광역시 북구 만덕3동
2025,21,부산광역시,21080,북구,21080620,화명2동,부산광역시 북구 화명2동
2025,21,부산광역시,21080,북구,21080630,화명3동,부산광역시 북구 화명3동
2025,21,부산광역시,21090,해운대구,21090530,중1동,부산광역시 해운대구 중1동
2025,21,부산광역시,21090,해운대구,21090540,중2동,부산광역시 해운대구 중2동
2025,21,부산광역시,21090,해운대구,21090560,송정동,부산광역시 해운대구 송정동
2025,21,부산광역시,21090,해운대구,21090580,반여2동,부산광역시 해운대구 반여2동
2025,21,부산광역시,21090,해운대구,21090590,반여3동,부산광역시 해운대구 반여3동
2025,21,부산광역시,21090,해운대구,21090620,반송2동,부산광역시 해운대구 반송2동
2025,21,부산광역시,21090,해운대구,21090640,재송1동,부산광역시 해운대구 재송1동
2025,21,부산광역시,21090,해운대구,21090650,재송2동,부산광역시 해운대구 재송2동
2025,21,부산광역시,21090,해운대구,21090660,좌1동,부산광역시 해운대구 좌1동
2025,21,부산광역시,21090,해운대구,21090670,좌2동,부산광역시 해운대구 좌2동
2025,21,부산광역시,21090,해운대구,21090680,좌3동,부산광역시 해운대구 좌3동
2025,21,부산광역시,21090,해운대구,21090690,좌4동,부산광역시 해운대구 좌4동
2025,21,부산광역시,21090,해운대구,21090700,반여1동,부산광역시 해운대구 반여1동
2025,21,부산광역시,21090,해운대구,21090710,반여4동,부산광역시 해운대구 반여4동
2025,21,부산광역시,21090,해운대구,21090720,반송1동,부산광역시 해운대구 반송1동
2025,21,부산광역시,21090,해운대구,21090730,우1동,부산광역시 해운대구 우1동
2025,21,부산광역시,21090,해운대구,21090740,우2동,부산광역시 해운대구 우2동
2025,21,부산광역시,21090,해운대구,21090750,우3동,부산광역시 해운대구 우3동
2025,21,부산광역시,21100,사하구,21100510,괴정1동,부산광역시 사하구 괴정1동
2025,21,부산광역시,21100,사하구,21100520,괴정2동,부산광역시 사하구 괴정2동
2025,21,부산광역시,21100,사하구,21100530,괴정3동,부산광역시 사하구 괴정3동
2025,21,부산광역시,21100,사하구,21100540,괴정4동,부산광역시 사하구 괴정4동
2025,21,부산광역시,21100,사하구,21100550,당리동,부산광역시 사하구 당리동
2025,21,부산광역시,21100,사하구,21100560,하단1동,부산광역시 사하구 하단1동
2025,21,부산광역시,21100,사하구,21100570,하단2동,부산광역시 사하구 하단2동
2025,21,부산광역시,21100,사하구,21100580,신평1동,부산광역시 사하구 신평1동
2025,21,부산광역시,21100,사하구,21100590,신평2동,부산광역시 사하구 신평2동
2025,21,부산광역시,21100,사하구,21100600,장림1동,부산광역시 사하구 장림1동
2025,21,부산광역시,21100,사하구,21100610,장림2동,부산광역시 사하구 장림2동
2025,21,부산광역시,21100,사하구,21100620,다대1동,부산광역시 사하구 다대1동
2025,21,부산광역시,21100,사하구,21100630,다대2동,부산광역시 사하구 다대2동
2025,21,부산광역시,21100,사하구,21100640,구평동,부산광역시 사하구 구평동
2025,21,부산광역시,21100,사하구,21100650,감천1동,부산광역시 사하구 감천1동
2025,21,부산광역시,21100,사하구,21100660,감천2동,부산광역시 사하구 감천2동
2025,21,부산광역시,21110,금정구,21110510,서1동,부산광역시 금정구 서1동
2025,21,부산광역시,21110,금정구,21110520,서2동,부산광역시 금정구 서2동
2025,21,부산광역시,21110,금정구,21110570,부곡1동,부산광역시 금정구 부곡1동
2025,21,부산광역시,21110,금정구,21110580,부곡2동,부산광역시 금정구 부곡2동
2025,21,부산광역시,21110,금정구,21110590,부곡3동,부산광역시 금정구 부곡3동
2025,21,부산광역시,21110,금정구,21110600,부곡4동,부산광역시 금정구 부곡4동
2025,21,부산광역시,21110,금정구,21110610,장전1동,부산광역시 금정구 장전1동
2025,21,부산광역시,21110,금정구,21110640,선두구동,부산광역시 금정구 선두구동
2025,21,부산광역시,21110,금정구,21110670,청룡노포동,부산광역시 금정구 청룡노포동
2025,21,부산광역시,21110,금정구,21110680,남산동,부산광역시 금정구 남산동
2025,21,부산광역시,21110,금정구,21110690,구서1동,부산광역시 금정구 구서1동
2025,21,부산광역시,21110,금정구,21110700,구서2동,부산광역시 금정구 구서2동
2025,21,부산광역시,21110,금정구,21110710,금성동,부산광역시 금정구 금성동
2025,21,부산광역시,21110,금정구,21110720,서3동,부산광역시 금정구 서3동
2025,21,부산광역시,21110,금정구,21110730,금사회동동,부산광역시 금정구 금사회동동
2025,21,부산광역시,21110,금정구,21110740,장전2동,부산광역시 금정구 장전2동
2025,21,부산광역시,21120,강서구,21120510,대저1동,부산광역시 강서구 대저1동
2025,21,부산광역시,21120,강서구,21120520,대저2동,부산광역시 강서구 대저2동
2025,21,부산광역시,21120,강서구,21120530,강동동,부산광역시 강서구 강동동
2025,21,부산광역시,21120,강서구,21120550,가락동,부산광역시 강서구 가락동
2025,21,부산광역시,21120,강서구,21120561,녹산동,부산광역시 강서구 녹산동
2025,21,부산광역시,21120,강서구,21120562,신호동,부산광역시 강서구 신호동
2025,21,부산광역시,21120,강서구,21120580,가덕도동,부산광역시 강서구 가덕도동
2025,21,부산광역시,21120,강서구,21120590,명지1동,부산광역시 강서구 명지1동
2025,21,부산광역시,21120,강서구,21120600,명지2동,부산광역시 강서구 명지2동
2025,21,부산광역시,21130,연제구,21130510,거제1동,부산광역시 연제구 거제1동
2025,21,부산광역시,21130,연제구,21130520,거제2동,부산광역시 연제구 거제2동
2025,21,부산광역시,21130,연제구,21130530,거제3동,부산광역시 연제구 거제3동
2025,21,부산광역시,21130,연제구,21130540,거제4동,부산광역시 연제구 거제4동
2025,21,부산광역시,21130,연제구,21130550,연산1동,부산광역시 연제구 연산1동
2025,21,부산광역시,21130,연제구,21130560,연산2동,부산광역시 연제구 연산2동
2025,21,부산광역시,21130,연제구,21130570,연산3동,부산광역시 연제구 연산3동
2025,21,부산광역시,21130,연제구,21130580,연산4동,부산광역시 연제구 연산4동
2025,21,부산광역시,21130,연제구,21130590,연산5동,부산광역시 연제구 연산5동
2025,21,부산광역시,21130,연제구,21130600,연산6동,부산광역시 연제구 연산6동
2025,21,부산광역시,21130,연제구,21130620,연산8동,부산광역시 연제구 연산8동
2025,21,부산광역시,21130,연제구,21130630,연산9동,부산광역시 연제구 연산9동
2025,21,부산광역시,21140,수영구,21140510,남천1동,부산광역시 수영구 남천1동
2025,21,부산광역시,21140,수영구,21140520,남천2동,부산광역시 수영구 남천2동
2025,21,부산광역시,21140,수영구,21140530,수영동,부산광역시 수영구 수영동
2025,21,부산광역시,21140,수영구,21140540,망미1동,부산광역시 수영구 망미1동
2025,21,부산광역시,21140,수영구,21140550,망미2동,부산광역시 수영구 망미2동
2025,21,부산광역시,21140,수영구,21140560,광안1동,부산광역시 수영구 광안1동
2025,21,부산광역시,21140,수영구,21140570,광안2동,부산광역시 수영구 광안2동
2025,21,부산광역시,21140,수영구,21140580,광안3동,부산광역시 수영구 광안3동
2025,21,부산광역시,21140,수영구,21140590,광안4동,부산광역시 수영구 광안4동
2025,21,부산광역시,21140,수영구,21140600,민락동,부산광역시 수영구 민락동
2025,21,부산광역시,21150,사상구,21150510,삼락동,부산광역시 사상구 삼락동
2025,21,부산광역시,21150,사상구,21150520,모라1동,부산광역시 사상구 모라1동
2025,21,부산광역시,21150,사상구,21150540,모라3동,부산광역시 사상구 모라3동
2025,21,부산광역시,21150,사상구,21150550,덕포1동,부산광역시 사상구 덕포1동
2025,21,부산광역시,21150,사상구,21150560,덕포2동,부산광역시 사상구 덕포2동
2025,21,부산광역시,21150,사상구,21150570,괘법동,부산광역시 사상구 괘법동
2025,21,부산광역시,21150,사상구,21150600,주례1동,부산광역시 사상구 주례1동
2025,21,부산광역시,21150,사상구,21150610,주례2동,부산광역시 사상구 주례2동
2025,21,부산광역시,21150,사상구,21150620,주례3동,부산광역시 사상구 주례3동
2025,21,부산광역시,21150,사상구,21150630,학장동,부산광역시 사상구 학장동
2025,21,부산광역시,21150,사상구,21150640,엄궁동,부산광역시 사상구 엄궁동
2025,21,부산광역시,21150,사상구,21150650,감전동,부산광역시 사상구 감전동
2025,21,부산광역시,21510,기장군,21510110,기장읍,부산광역시 기장군 기장읍
2025,21,부산광역시,21510,기장군,21510111,일광읍,부산광역시 기장군 일광읍
2025,21,부산광역시,21510,기장군,21510120,장안읍,부산광역시 기장군 장안읍
2025,21,부산광역시,21510,기장군,21510130,정관읍,부산광역시 기장군 정관읍
2025,21,부산광역시,21510,기장군,21510330,철마면,부산광역시 기장군 철마면
