category,category_label,major_category,major_category_label,major_category_weight,indicator,indicator_label,direction,weight,evidence_type,value_status_ko,estimate_used,estimation_method_ko,estimation_reason,base_confidence,quality_note
income_support_need,소득·복지수요,socioeconomic_base,사회·경제,0.5,basic_livelihood_recipients_per_1000_population_2025_inferred,추정 기초생활수급자율,higher,1.0,inferred,추정값,TRUE,구·군 총계의 행정동 배분 추정,"공개된 2025 행정동별 관측 수급자 수가 없어 구·군 관측 총계를 행정동 특성 패턴으로 배분함",low,"구·군 관측 총계를 행정동 패턴으로 배분한 추정값"
local_employment_opportunity,지역 고용기회,socioeconomic_base,사회·경제,0.5,workplace_workers_per_1000_population_2024_smoothed,주민 대비 사업장 종사자 공급 대리,lower,0.7,derived_proxy,추정·보정값,TRUE,관측 건수의 소지역 수축 보정,"인구가 작은 동에서 종사자 몇 명의 차이가 공급률을 과도하게 변화시키는 것을 줄이기 위해 부산 전체 비율을 사전값으로 사용함",low,"주민 고용상태가 아닌 동 소재 일자리 기회 대리"
local_employment_opportunity,지역 고용기회,socioeconomic_base,사회·경제,0.5,establishments_per_1000_population_2024_smoothed,주민 대비 사업체 공급 대리,lower,0.3,derived_proxy,추정·보정값,TRUE,관측 건수의 소지역 수축 보정,"인구가 작은 동에서 사업체 몇 개의 차이가 공급률을 과도하게 변화시키는 것을 줄이기 위해 부산 전체 비율을 사전값으로 사용함",low,"사업체 규모와 주민 통근을 직접 반영하지 않음"
education_access_supply,교육시설 접근·공급,living_services_settlement,생활 인프라·주거,0.25,nearest_core_school_distance_m_2025,행정동 중심점 최근접 학교 거리,higher,0.15,spatial_proxy,공간 계산 대리값,FALSE,시설 좌표 기반 거리 계산,"결측값 추정이 아니라 학교 좌표와 행정동 중심점으로 계산했으나 실제 거주지와 통학경로를 대신하는 공간 대리값임",medium_low,"실제 주거지·보행경로가 아닌 기하학적 중심점 직선거리"
education_access_supply,교육시설 접근·공급,living_services_settlement,생활 인프라·주거,0.25,school_count_2025,행정동 내 초·중·고 수,lower,0.25,observed_inventory,관측 시설목록,FALSE,해당 없음,"학교알리미 2025 공시가 확인된 학교 시설목록을 직접 집계했으므로 결측 대체 추정값을 사용하지 않음",medium,"학교 정원과 학령인구를 직접 반영하지 않은 시설 수"
education_access_supply,교육시설 접근·공급,living_services_settlement,생활 인프라·주거,0.25,core_schools_within_2000m_2025,중심점 2km 내 초·중·고 수,lower,0.25,spatial_proxy,공간 계산 대리값,FALSE,시설 좌표 기반 반경 집계,"결측값 추정이 아니라 학교 좌표를 2km 반경으로 집계했으나 실제 통학경로를 대신하는 공간 대리값임",medium_low,"경계 밖 학교는 포함하지만 실제 통학경로를 반영하지 않음"
education_access_supply,교육시설 접근·공급,living_services_settlement,생활 인프라·주거,0.25,core_school_teachers_within_2000m_2025,중심점 2km 내 활동 교원 수,lower,0.35,spatial_proxy,공시자료 공간 대리값,FALSE,학교알리미 교원 공시와 시설 좌표의 반경 결합,"2025 학교별 활동 교원 수를 직접 관측했지만 행정동 중심점 2km 반경의 교육 공급으로 재구성한 공간 대리값임",medium,"학생의 실제 통학권·교원 배치 과목·학령인구 수요를 반영하지 않음"
healthcare_supply,의료공급 접근,living_services_settlement,생활 인프라·주거,0.25,hospital_per_10000_smoothed,소지역 보정 병원 공급량,lower,0.2,reconstructed_proxy,재구성·보정값,TRUE,운영시설 재구성 및 소지역 수축 보정,"완전한 행정동별 병원 공급률 관측표가 없어 시설목록의 2025 운영 여부를 재구성·공간집계하고 작은 인구 분모를 보정함",medium_low,"동 경계 내 시설 수이며 병상·진료과·경계 밖 접근을 반영하지 않음"
healthcare_supply,의료공급 접근,living_services_settlement,생활 인프라·주거,0.25,clinic_per_10000_smoothed,소지역 보정 의원 공급량,lower,0.5,reconstructed_proxy,재구성·보정값,TRUE,운영시설 재구성 및 소지역 수축 보정,"완전한 행정동별 의원 공급률 관측표가 없어 시설목록의 2025 운영 여부를 재구성·공간집계하고 작은 인구 분모를 보정함",medium_low,"동 경계 내 시설 수이며 수용력·운영시간을 반영하지 않음"
healthcare_supply,의료공급 접근,living_services_settlement,생활 인프라·주거,0.25,pharmacy_per_10000_smoothed,소지역 보정 약국 공급량,lower,0.3,reconstructed_proxy,재구성·보정값,TRUE,운영시설 재구성 및 소지역 수축 보정,"완전한 행정동별 약국 공급률 관측표가 없어 시설목록의 2025 운영 여부를 재구성·공간집계하고 작은 인구 분모를 보정함",medium_low,"동 경계 내 약국 수이며 운영시간·조제역량·경계 밖 접근을 반영하지 않음"
housing_condition,주거환경,living_services_settlement,생활 인프라·주거,0.25,old_house_share_30plus_2024_lower_bound_pct,30년 이상 노후주택 하한 비율,higher,1.0,observed_lower_bound,관측 하한값,FALSE,억제 셀 제외 하한 계산,"공개된 2024 관측표를 사용하며 억제 셀을 임의 추정하지 않고 하한값으로 표시함",medium_low,"2024년 자료이며 억제 셀 때문에 실제 비율보다 낮을 수 있음"
transit_access,대중교통 접근,living_services_settlement,생활 인프라·주거,0.25,bus_stops_per_10000_smoothed,소지역 보정 버스정류장 공급량,lower,0.6,observed_partial,부분관측·보정값,TRUE,매칭 정류장 수의 소지역 수축 보정,"완전 매칭되지 않은 정류장이 있고 작은 동의 공급률 변동을 줄여야 하므로 매칭된 관측 건수에 부산 전체 비율 사전값을 적용함",medium_low,"582개 미매칭 정류장과 운행빈도·노선 연결성 미반영"
transit_access,대중교통 접근,living_services_settlement,생활 인프라·주거,0.25,demand_weighted_bus_route_access_2025_current_proxy,수요가중 버스노선 접근성,lower,0.2,mixed_date_proxy,혼합시점 수요가중 대리값,TRUE,2025 노선 이용량 로그변환과 현재 노선 정류소 공간결합,"2025년 노선별 교통카드 이용량을 현재 BIMS 노선 정류소와 연결하고 행정동을 지나는 고유 노선별 log(1+이용건수)를 합산함",low,"2025 이용량과 현재 노선망을 결합한 보조지표이며 실제 2025 배차빈도·이동시간·혼잡도를 뜻하지 않음"
transit_access,대중교통 접근,living_services_settlement,생활 인프라·주거,0.25,scheduled_bus_service_opportunities_current_proxy,현재 배차·운행시간 기반 서비스 기회,lower,0.2,mixed_date_proxy,현재시점 서비스 공급 대리값,TRUE,현재 운행시간을 평시 배차간격으로 나눈 노선별 운행기회의 공간합산,"2025년 당시 시간표가 공개되지 않아 현재 BIMS 첫차·막차와 평시 배차간격으로 동을 지나는 노선의 일일 서비스 기회를 근사함",low,"현재 공표 배차계획의 대리값이며 2025 실제 운행횟수·평일과 휴일 차이·결행·혼잡도를 뜻하지 않음"
traffic_accident_risk,교통사고 위험,safety,안전,0.5,selected_traffic_hotspot_occurrences_2024,선정 교통사고 다발지점 사고 발생 건수,higher,1.0,observed_partial,선정 다발지점 관측,FALSE,해당 없음,"도로교통공단이 선정한 2024년 부산 교통사고 다발지점 48곳을 행정동 경계에 공간 결합하고 지점별 사고 발생 건수를 합산함",low,"전체 사고 전수자료가 아니라 선정 다발지점 자료이므로 미선정 행정동을 사고가 없는 지역으로 해석할 수 없음"
crime_prevention_access,범죄예방 기반,safety,안전,0.5,crime_prevention_cctv_per_1000_smoothed,소지역 보정 범죄예방 CCTV 공급량,lower,1.0,observed_inventory,관측·보정값,TRUE,시설목록 공간집계 후 소지역 수축 보정,"2025년 범죄예방 CCTV 위치 20,956개를 행정동에 공간집계하고 작은 인구 분모에서 공급률이 과도하게 변하는 것을 줄이기 위해 부산 전체 비율을 사전값으로 적용함",medium_low,"CCTV 수는 예방서비스 기반의 대리값이며 범죄 발생률·촬영범위·화질·가동상태를 뜻하지 않음"
air_exposure,대기오염 노출,environment,환경,0.5,annual_pm25_ug_m3_idw_2025,연평균 PM2.5 IDW 추정,higher,1.0,interpolated,공간 보간 추정값,TRUE,32개 측정소 IDW 공간보간,"206개 행정동마다 측정소가 존재하지 않아 32개 측정소 관측값으로 행정동 중심점의 연평균 농도를 보간함",medium_low,"32개 측정소 보간값이며 측정소 거리 증가 시 불확실성 확대"
heat_response,폭염 대응,environment,환경,0.5,heat_shelters_per_10000_smoothed,소지역 보정 무더위쉼터 공급량,lower,0.7,observed_inventory,관측·보정값,TRUE,시설목록 집계 후 소지역 수축 보정,"쉼터 수는 관측 시설목록이지만 인구가 작은 동의 공급률 과대변동을 줄이기 위해 부산 전체 비율 사전값을 적용함",medium,"운영시간·수용력·실제 이용을 반영하지 않은 시설 수"
heat_response,폭염 대응,environment,환경,0.5,elderly_alone_per_1000_smoothed,독거노인 기반 폭염 민감수요 대리,higher,0.3,mixed_date_proxy,혼합시점·보정값,TRUE,혼합 기준일 자료의 소지역 수축 보정,"동별 최신 공개 기준일이 다르고 작은 인구 분모의 변동을 줄여야 하므로 혼합시점 관측 건수를 보정해 수요 대리값으로 사용함",low,"행정동별 기준일이 다르고 전체 폭염 민감인구를 대표하지 않음"
