dataset_id,domain,indicator_candidate,measure_type,provider,source_url,reference_period,update_cycle,spatial_unit,format,access_method,license,coverage,missing_rate,availability_grade,decision,fallback,collected_at,checksum,notes
GEO-ADM-001,geography,Busan administrative dong reference,context,Busan Metropolitan City,https://www.busan.go.kr/bhaddis02/,2025-01-01,irregular,administrative eup-myeon-dong,HTML,public web page,public web page; derivative redistribution not yet checked,"16 districts; page row counts sum to 206 while its caption says 205",not_applicable,C,hold,Reconcile against a same-period MOIS code extract before analysis,2026-08-11,not_collected,Provisional denominator only; do not treat 206 as a frozen production geography
INC-BLF-GEUMJEONG-001,income,basic livelihood benefit recipients,proxy,Geumjeong-gu,https://www.data.go.kr/data/3073078/fileData.do,2026-05-15,annual,administrative dong,CSV,public direct download,no restriction,"16 of provisional 206 dongs (Geumjeong-gu)","coverage gap 92.23%; source-cell missingness 0%",C,exclude,Request a harmonized citywide administrative-dong extract,2026-08-11,A307DBAF8B182AB0A5C5847A8D294D59642A1D86A7D4308697FF178C290C971A,18 rows include total and facility rows; 16 dong rows
INC-BLF-BUKGU-001,income,basic livelihood benefit recipients,proxy,Buk-gu,https://www.data.go.kr/data/3069319/fileData.do,2025-12-31,annual,administrative dong,CSV,public direct download,no restriction,"13 of provisional 206 dongs (Buk-gu)","coverage gap 93.69%; source-cell missingness 0%",C,exclude,Request a harmonized citywide administrative-dong extract,2026-08-11,F21440DD8EF683F58197B502CA125ED7FA8A94C2C7981BF675A9230A4B81F669,14 rows include one district total
INC-BLF-SUYEONG-001,income,basic livelihood benefit recipients,proxy,Suyeong-gu,https://www.data.go.kr/data/15026899/fileData.do,2026-06-30,quarterly,administrative dong,CSV,public direct download,no restriction,"10 of provisional 206 dongs (Suyeong-gu)","coverage gap 95.15%; source-cell missingness 0%",C,exclude,Request a harmonized citywide administrative-dong extract,2026-08-11,53A9036B4B228D3DE72037B4FD6E12FECE484758C15E702C70498F4E9180950E,11 rows include one district total
INC-BLF-DONGGU-001,income,basic livelihood benefit recipients,proxy,Dong-gu,https://www.data.go.kr/data/15023207/fileData.do,2025-11-18,annual,administrative dong,CSV,public direct download,no restriction,"12 of provisional 206 dongs (Dong-gu)","coverage gap 94.17%; source-cell missingness 0%",C,exclude,Request a harmonized citywide administrative-dong extract,2026-08-11,0471D76A55F6E7BD691D99AEA4D6A004D5D4159615F286099407FC823842402B,14 rows include city and district totals
INC-BLF-NAMGU-001,income,basic livelihood benefit recipients,proxy,Nam-gu,https://www.data.go.kr/data/15113711/fileData.do,2024-12-31,annual,administrative dong,CSV,public direct download,no restriction,"17 of provisional 206 dongs (Nam-gu)","coverage gap 91.75%; source-cell missingness 0%",C,exclude,Request a harmonized citywide administrative-dong extract,2026-08-11,CBA93F250E1DCDDD83ABEDBB07CE5049F9990084F485CE8610BC3D79C61658B3,68 rows are 17 dongs by four benefit categories
EMP-SGIS-001,employment,establishments and workplace workers,proxy,Statistics Korea SGIS,https://sgis.mods.go.kr/developer/html/newOpenApi/api/dataApi/census.html,2024-12-31,annual,administrative dong,JSON API,consumer key and secret required,SGIS API terms; derivative redistribution check required,206 of 206 Busan administrative dongs,source-cell missingness 0%,C,hold,Request resident-based employment or unemployment aggregates,2026-08-12,1CC03CC340C8A28E1ED8137397B6A58F3A5AE148F65E072C4C3D898FE38524DD,Workplace location is not resident employment; 206 rows contain corp_cnt and tot_worker
DEM-SGIS-001,demographics,population and household denominators,context,Statistics Korea SGIS,https://sgis.mods.go.kr/developer/html/newOpenApi/api/dataApi/census.html,2024-12-31,annual,administrative dong,JSON API,consumer key and secret required,SGIS API terms; derivative redistribution check required,206 of 206 Busan administrative dongs,tot_ppltn and tot_family missingness 0%,B,hold,Validate the one-year lag against the 2025 geography and use only with compatible numerators,2026-08-12,1A99D00DE47DE9FD8D5C96083DD653C845B3A06BDCC6CC5B0DCCD18617874C75,Latest year exposed by SGIS API; see REFERENCE_DATA_MANIFEST.json
EDU-SCHOOL-001,education,school service accessibility,proxy,KERIS NEIS,https://www.data.go.kr/data/15068997/fileData.do,current register filtered at 2025-12-31,reconstructed snapshot,address,JSON API,NEIS API key required,no restriction,667 Busan school rows collected; 662 eligible at 2025-12-31,5 post-2025 openings excluded,B,hold,Geocode 662 eligible schools and calculate service areas separately from education outcomes,2026-08-12,2547E89D5D718EA0549B5E1A868F7DCB672B4BA6320EE25C74BD219A8D4492DF,Full authenticated extract; see REFERENCE_DATA_MANIFEST.json
HLT-HOSPITAL-001,health,hospital accessibility,proxy,Ministry of the Interior and Safety,https://www.data.go.kr/data/15154458/openapi.do,2025-12-31 reconstructed from current licence register,reconstructed snapshot,address and EPSG:5174 coordinates,JSON API,public data portal service key required,no restriction,641 current Busan rows collected; 406 reconstructed operating candidates,29 of 406 candidate coordinates missing (7.14%),B,hold,Validate historical completeness and coordinates before spatial join; request small-area health outcomes separately,2026-08-13,9C804306C1C886EFFB33DED094143C3DE4F13A55905F93BA087F08B1A713BA79,Reconstruction uses licence closure revocation and temporary-closure dates; see HEALTHCARE_FACILITY_MANIFEST_2025.json
HLT-PHARMACY-001,health,pharmacy accessibility,proxy,Ministry of the Interior and Safety,https://www.data.go.kr/data/15154822/openapi.do,2025-12-31 reconstructed from current licence register,reconstructed snapshot,address and EPSG:5174 coordinates,JSON API,public data portal service key required,no restriction,4336 current Busan rows collected; 1731 reconstructed operating candidates,19 of 1731 candidate coordinates missing (1.10%),B,hold,Validate historical completeness and coordinates before spatial join; request small-area health outcomes separately,2026-08-13,B759B4F52C902C002FD7CEB1CA7F41221239086FFC5B7DC9F012F7D254568CFE,Reconstruction uses licence closure revocation and temporary-closure dates; see HEALTHCARE_FACILITY_MANIFEST_2025.json
HLT-AED-001,health,emergency equipment accessibility,context,Busan Metropolitan City,https://www.data.go.kr/data/15095264/openapi.do,snapshot retrieved 2026-08-12; source reference date unavailable,snapshot,coordinates,JSON API,public data portal service key required,no restriction,1079 current Busan AED records,reference date missing for 100% of records,B,hold,Request retained 2025-12-31 and 2026-07-31 snapshots; current list is context only,2026-08-12,FA8BCC7BAE11A36A5F1773CA11B36DFAD0E2D4B484B8DD6681C44FDC8B4E6191,Fields are model_nm addrs product_nm biz_tel geom only; see AED_HISTORY_ASSESSMENT.md
SAF-TAAS-001,safety,traffic crash statistics and hotspots,validation,Korea Road Traffic Authority KOROAD TAAS,https://opendata.koroad.or.kr/api/selectOpenApi.do#api1,2025 district statistics and 2024 hotspots,annual,district statistics and selected hotspot coordinates,JSON API,KOROAD API key required,redistribution terms require confirmation,202 statistics rows and 48 hotspot rows across all 16 Busan districts,not a complete administrative-dong crash census,C,validation-only,Request complete administrative-dong crash counts with population denominator,2026-08-13,977011261E8FBDBBDD677266FB7A6C9FB28EB4CE2ACB25FD90C8A5C72510A900,Reproducible API extract retained; see KOROAD_TRAFFIC_ACCIDENT_MANIFEST.json
HOU-VACANT-YEONGDO-001,housing_access,vacant homes,direct,Yeongdo-gu,https://www.data.go.kr/data/15060713/fileData.do,2026-07-16,monthly,administrative dong,CSV,public direct download,no restriction,"11 of provisional 206 dongs (Yeongdo-gu)","coverage gap 94.66%; source-cell missingness 0%",C,exclude,Request a citywide extract using one vacancy definition,2026-08-11,4A40A1B7CF0E8ADFAFD658A2BCFA782D738FFD04BD1FB48C31D908E998AC9127,All 11 Yeongdo administrative dongs are present
HOU-VACANT-SUYEONG-001,housing_access,vacant homes by condition grade,direct,Suyeong-gu,https://www.data.go.kr/data/15060082/fileData.do,2026-05-20,semiannual,administrative dong,CSV,public direct download,no restriction,"10 of provisional 206 dongs (Suyeong-gu)","coverage gap 95.15%; source-cell missingness 0%",C,exclude,Request a citywide extract using one vacancy definition,2026-08-11,47BA1B4D3AE68316D814144588C11E42FF7325D31B6AB7D9C93E75F6BA94B4C6,Grades differ from the Yeongdo source definition
HOU-BUSSTOP-001,housing_access,bus stop accessibility,proxy,Busan Metropolitan City,https://www.data.go.kr/data/15084251/fileData.do,2025-01-21,snapshot,coordinates,SHP ZIP,public direct download,no restriction,8522 Busan bus stops with EPSG:4326 point geometry,geometry missingness 0%,B,hold,Spatially join stops to 2025 dong boundaries and add frequency or travel-time evidence,2026-08-12,F34A6F1034B479FEA6E48C5E5B8FBA7DE30A52136BAC39D2F09B179F8D31D22F,Dated snapshot is cutoff-compatible; see BUS_STOP_MANIFEST_2025.json
HOU-BUSSTOP-API-001,housing_access,bus stop accessibility,proxy,Busan Metropolitan City,https://www.data.go.kr/data/15092750/openapi.do,current inventory; record-level observation date unavailable,realtime,coordinates,XML API,public data portal service key required,no restriction,8790 Busan bus stop records,cutoff compatibility unverified,B,hold,Confirm observation date then spatially join to boundaries and add frequency evidence,2026-08-12,D85ACA0F93A7F324D0F01428D7217EBF43D6CB3DDA9401970A516D4F4F6CF1EB,Full API response collected; inventory date is not exposed
ENV-HEAT-SHELTER-001,living_environment,heat shelter accessibility and heat-response context,context,Busan Metropolitan City,https://www.data.go.kr/data/15152994/fileData.do,2025-11-19,one-time,coordinates,CSV,public direct download,no restriction,"Busan citywide; 1789 rows with coordinates","coordinate missingness 0%",B,hold,Spatially join to verified same-period dong boundaries and assess capacity separately,2026-08-11,EF549B03AE13FF9BC4BEC1FF3008D02974FB19B50F9FB4B683749852FCFE717A,Availability does not prove opening hours capacity or cooling performance
ENV-AIR-STATION-001,living_environment,air-quality monitoring context,context,Busan Metropolitan City,https://www.data.go.kr/data/3076556/fileData.do,2026-05-08,annual,monitoring station,CSV,public direct download,no restriction,"37 rows; 34 unique station names","station coordinates absent from this file",C,hold,Join a coordinate-bearing station register then disclose interpolation uncertainty,2026-08-11,C12B7D298AA6353DF09B3AE3A7E2754862835D552FEA8E0B7D49A100E9088DC8,Equipment metadata alone cannot generate dong exposure
ENV-AIR-REALTIME-001,living_environment,realtime air-quality observations,context,Busan Metropolitan City,https://www.data.go.kr/data/15057173/openapi.do,2026-08-11 to 2026-08-12,realtime,monitoring station,JSON API,public data portal service key required,no restriction,"1184 hourly station observations; 32 unique sites",outside 2026-07-31 cutoff,C,exclude,Obtain observations ending by 2026-07-31 and station coordinates,2026-08-12,F7733C07668D0F3FFF1CD6BCBAA93BAE9FC0E8B0F0BEFD5C6076512143DBBD9B,Provenance snapshot only; must not enter the composite because all records are outside cutoff
ENV-AIR-HEIS-DAILY-001,living_environment,daily mean air-quality observations,context,Busan Metropolitan City HEIS,https://heis.busan.go.kr/environmental/air002_3.aspx,2026-01-01 to 2026-07-31,partial_year,monitoring station,HTML/derived CSV,public web query no key required,public HEIS page; raw redistribution terms require verification,"33 stations; 6996 station-days; 231 raw HTML responses","709 rows have at least one non-numeric status; pollutant missingness 4.43%-8.13%",B,hold,Join authoritative station coordinates and validate an administrative-dong interpolation method,2026-08-12,3938A39BE32BB7FB7F45F9DB4E89C1EE02E1C3802DB9678F4B5725B5508A6398,Source values '-' and '점검중' remain missing rather than zero; see HEIS_AIR_MANIFEST_2026.json
ENV-AIR-HEIS-DAILY-2025-001,living_environment,daily mean air-quality observations,context,Busan Metropolitan City HEIS,https://heis.busan.go.kr/environmental/air002_3.aspx,2025-01-01 to 2025-12-31,annual,monitoring station,HTML/derived CSV,public web query no key required,public HEIS page; raw redistribution terms require verification,"33 stations; 12045 station-days; 396 raw HTML responses","1371 rows have at least one non-numeric status; pollutant missingness 5.22%-9.24%",B,hold,Join authoritative station coordinates and validate an administrative-dong interpolation method,2026-08-12,C9DF487584AFA1E4B6DE1DCC2C55C59C4632D2A8B7B24A751498DFF9539CEBFD,Complete-year baseline kept separate from the 2026 partial year; see HEIS_AIR_MANIFEST_2025.json
ENV-FLOOD-SASANG-001,living_environment,historical flood traces,validation,Sasang-gu,https://www.data.go.kr/data/15143156/fileData.do,2024 events; published 2025-04-25,one-time,location text,CSV,public direct download,no restriction,"9 event-area rows in Sasang-gu only","citywide coverage not available",C,validation-only,Request citywide geospatial flood traces or use an authoritative hazard layer,2026-08-11,97A645D725B06491C611E174F956F0854CC79CA81A76BE6C94479CC9FF39F1CE,Source states that pre-2024 records are unavailable
DEM-BUSAN-LIVING-001,demography,living population by age,proxy,Busan Metropolitan City,https://data.busan.go.kr/bdip/opendata/detail.do?publicdatapk=PD_LP00002,2023-01 to 2025-12,monthly,administrative dong and age group,XLSX,public direct download,no restriction,"206 dongs; 36 months; 44340 rows","portal advertises 2019-2025 and 50294 rows but downloaded workbook differs",B,hold,Use 2025 as supplemental demand context after code and estimate validation,2026-08-13,854A98A1B79A9D1F94444C8C61922924D8CA611E6498924F3B85F4ED3E191842,Telecom-derived estimate; never replace resident-registration denominator
TRN-BUSAN-VILLAGE-BUS-001,transport,village-bus operating status,proxy,Busan Metropolitan City,https://www.data.go.kr/data/15040508/openapi.do,2023-12-31 to 2025-12-11,irregular,village-bus route,JSON API,public data portal service key required,no restriction,136 routes,"50 rows contain an 1899-12-31 time sentinel",B,hold,Use only after time cleanup and never represent the complete city-bus network,2026-08-13,A9ED23657D6C9A9C08DFA91D4DC00590FD77F551069BEA28DA4E08B7864868A4,Record-level reference dates vary
SOC-BUSAN-ELDERLY-ALONE-001,social,elderly people living alone,validation,Busan Metropolitan City,https://www.data.go.kr/data/15160011/openapi.do,2025-12-31 to 2026-05-27,irregular,administrative dong,JSON API and normalized CSV,public data portal service key required,review required,"206 canonical dongs from 241 raw rows","20 dongs lack reference date and age breakdown",B,validation-only,Request a uniform 2025-12-31 extract before use as a primary indicator,2026-08-13,33FF48012C9E160CA7BFEB41E0D917A2FBA010680B82FC3F481A910DA956A539,Latest record per dong mapped to 2025 SGIS reference
SAF-BUSAN-POLICE-TREND-001,safety,citywide traffic-accident trend,validation,Busan Metropolitan Police Agency,https://www.data.go.kr/data/15059681/fileData.do,2007 to 2025,annual,Busan city total,CSV,public direct download,no restriction,19 annual rows,no administrative-dong breakdown,C,validation-only,Use only to check citywide trend,2026-08-13,FF63A02605600AB42431E89A8F33F222812119B7E73C3BFC4EC446F4D3FCBCC8,Never allocate city totals to dongs
SAF-BUSAN-RISK-AREA-001,safety,accident-risk locations,validation,Busan Metropolitan City,https://www.data.go.kr/data/15114119/fileData.do,2023-05-31,one-time,selected point,CSV,public direct download,no restriction,70 selected points,not a complete accident census,C,validation-only,Use only for spatial validation,2026-08-13,A02C679128599F9177F5267322FAA742FCAB26C7E4CC767279CFDCF2D384A20C,Coordinates and dispatch counts are available
HLT-CLINIC-001,health,clinic accessibility,proxy,Ministry of the Interior and Safety,https://www.data.go.kr/data/15154874/openapi.do,2025-12-31 reconstructed from current licence register,reconstructed snapshot,address and EPSG:5174 coordinates,JSON API,public data portal service key required,no restriction,8649 current Busan rows collected; 5320 reconstructed operating candidates,50 of 5320 candidate coordinates missing (0.94%),B,hold,Validate historical completeness and coordinates before spatial join; request small-area health outcomes separately,2026-08-13,97AE2425414DFD2D698A878B5052C7BB20C7E8AA23D93E16E0629F7D0BA9AC29,Includes clinics public health centers and Korean medicine clinics; see HEALTHCARE_FACILITY_MANIFEST_2025.json
INC-WELFARE-SIGUNGU-2025-001,income,welfare-program beneficiaries,validation,Korea Social Security Information Service,https://www.data.go.kr/data/15062448/fileData.do,2025-12,annual,si-gun-gu,CSV,public direct download,no restriction,2577 national program-region rows including all 16 Busan districts,no administrative-dong breakdown,B,validation-only,Use district totals to validate separately requested dong-level counts,2026-08-13,157ECECACB6E3D932FC70F16ED402921F3239FCF83AF31988BBDED6F16D498E0,Includes basic livelihood and other welfare program beneficiary and household counts
SAF-BUSAN-CCTV-001,safety,crime-prevention CCTV accessibility,proxy,Busan Metropolitan City,https://www.data.go.kr/data/15082060/fileData.do,2025-12-29,annual,point location,CSV,public direct download,no restriction,21060 Busan CCTV locations,installation infrastructure is not crime incidence,B,hold,Spatially aggregate only as a prevention-service proxy after coordinate validation,2026-08-13,7C1B73C9FFE448398E25CCA2FA9D91A743AC6604125C07D3FD1BFBE84B4342C0,Never interpret CCTV density as observed crime rate
TRN-BUSAN-BOARDING-2023-001,transport,bus boardings and alightings,validation,Busan Metropolitan City,https://www.data.go.kr/data/15123610/fileData.do,2023-07-31,one-time,route-stop,CSV,public direct download,no restriction,17088 route-stop rows,roughly two-year lag from primary year,C,validation-only,Use only for historical demand-pattern validation and request a 2025 extract,2026-08-13,FC98249D689691D06A4834ED1374D96ECEF7D4D01E95FC4273D7B64D611B0D0F,Contains time-band boardings and alightings
SAF-NFA-FIRE-SUMMARY-001,safety,fire occurrence and response summaries,validation,National Fire Agency,https://www.data.go.kr/data/15077644/openapi.do,2025-01-01 to 2025-12-31,daily,fire station,JSON API and normalized CSV,public data portal service key required,no restriction,"365 daily responses; 3156 Busan station-days; 12 station names",no incident address or administrative-dong code,C,validation-only,Request 2025 administrative-dong fire incident counts or address-level records for direct scoring,2026-08-13,0302D72E48A472B5CA339E3E494C5B7EA8C9DDEF1054DA94CF0EAFE5D5D7048F,Complete 2025 station summary retained for citywide and station-level validation only
